total_time_us,total_reader_energy_j,total_tag_energy_j,total_slots,success_slots,collision_slots,idle_slots,phy_efficiency,Recall,Drift_Percent,Payload_Bits,Run_ID
73180.0,0.07318000000000001,0.0,8,0,8,0,0.0,1.0,0.0,256,0
96560.0,0.09656,0.0,16,0,16,0,0.0,1.0,0.0,128,0
73180.0,0.07318000000000001,0.0,8,0,8,0,0.0,1.0,0.0,256,1
96560.0,0.09656,0.0,16,0,16,0,0.0,1.0,0.0,128,1
96560.0,0.09656,0.0,16,0,16,0,0.0,1.0,0.0,128,2
73180.0,0.07318000000000001,0.0,8,0,8,0,0.0,1.0,0.0,256,2
73180.0,0.07318000000000001,0.0,8,0,8,0,0.0,1.0,0.0,256,3
96560.0,0.09656,0.0,16,0,16,0,0.0,1.0,0.0,128,3
73180.0,0.07318000000000001,0.0,8,0,8,0,0.0,1.0,0.0,256,4
96560.0,0.09656,0.0,16,0,16,0,0.0,1.0,0.0,128,4
73180.0,0.07318000000000001,0.0,8,0,8,0,0.0,1.0,0.0,256,5
73180.0,0.07318000000000001,0.0,8,0,8,0,0.0,1.0,0.0,256,6
96560.0,0.09656,0.0,16,0,16,0,0.0,1.0,0.0,128,5
96560.0,0.09656,0.0,16,0,16,0,0.0,1.0,0.0,128,6
96560.0,0.09656,0.0,16,0,16,0,0.0,1.0,0.0,128,7
73180.0,0.07318000000000001,0.0,8,0,8,0,0.0,1.0,0.0,256,7
73180.0,0.07318000000000001,0.0,8,0,8,0,0.0,1.0,0.0,256,8
73180.0,0.07318000000000001,0.0,8,0,8,0,0.0,1.0,0.0,256,9
96560.0,0.09656,0.0,16,0,16,0,0.0,1.0,0.0,128,8
73180.0,0.07318000000000001,0.0,8,0,8,0,0.0,1.0,0.0,256,10
96560.0,0.09656,0.0,16,0,16,0,0.0,1.0,0.0,128,9
96560.0,0.09656,0.0,16,0,16,0,0.0,1.0,0.0,128,10
96560.0,0.09656,0.0,16,0,16,0,0.0,1.0,0.0,128,11
73180.0,0.07318000000000001,0.0,8,0,8,0,0.0,1.0,0.0,256,11
73180.0,0.07318000000000001,0.0,8,0,8,0,0.0,1.0,0.0,256,12
73180.0,0.07318000000000001,0.0,8,0,8,0,0.0,1.0,0.0,256,14
96560.0,0.09656,0.0,16,0,16,0,0.0,1.0,0.0,128,12
73180.0,0.07318000000000001,0.0,8,0,8,0,0.0,1.0,0.0,256,13
96560.0,0.09656,0.0,16,0,16,0,0.0,1.0,0.0,128,13
96560.0,0.09656,0.0,16,0,16,0,0.0,1.0,0.0,128,14
73180.0,0.07318000000000001,0.0,8,0,8,0,0.0,1.0,0.0,256,15
73180.0,0.07318000000000001,0.0,8,0,8,0,0.0,1.0,0.0,256,17
73180.0,0.07318000000000001,0.0,8,0,8,0,0.0,1.0,0.0,256,16
96560.0,0.09656,0.0,16,0,16,0,0.0,1.0,0.0,128,15
96560.0,0.09656,0.0,16,0,16,0,0.0,1.0,0.0,128,16
96560.0,0.09656,0.0,16,0,16,0,0.0,1.0,0.0,128,17
73180.0,0.07318000000000001,0.0,8,0,8,0,0.0,1.0,0.0,256,18
73180.0,0.07318000000000001,0.0,8,0,8,0,0.0,1.0,0.0,256,19
96560.0,0.09656,0.0,16,0,16,0,0.0,1.0,0.0,128,18
73180.0,0.07318000000000001,0.0,8,0,8,0,0.0,1.0,0.0,256,20
73180.0,0.07318000000000001,0.0,8,0,8,0,0.0,1.0,0.0,256,21
96560.0,0.09656,0.0,16,0,16,0,0.0,1.0,0.0,128,19
96560.0,0.09656,0.0,16,0,16,0,0.0,1.0,0.0,128,20
73180.0,0.07318000000000001,0.0,8,0,8,0,0.0,1.0,0.0,256,22
96560.0,0.09656,0.0,16,0,16,0,0.0,1.0,0.0,128,22
96560.0,0.09656,0.0,16,0,16,0,0.0,1.0,0.0,128,21
73180.0,0.07318000000000001,0.0,8,0,8,0,0.0,1.0,0.0,256,23
96560.0,0.09656,0.0,16,0,16,0,0.0,1.0,0.0,128,23
73180.0,0.07318000000000001,0.0,8,0,8,0,0.0,1.0,0.0,256,24
73180.0,0.07318000000000001,0.0,8,0,8,0,0.0,1.0,0.0,256,25
96560.0,0.09656,0.0,16,0,16,0,0.0,1.0,0.0,128,25
96560.0,0.09656,0.0,16,0,16,0,0.0,1.0,0.0,128,24
73180.0,0.07318000000000001,0.0,8,0,8,0,0.0,1.0,0.0,256,26
96560.0,0.09656,0.0,16,0,16,0,0.0,1.0,0.0,128,26
73180.0,0.07318000000000001,0.0,8,0,8,0,0.0,1.0,0.0,256,27
73180.0,0.07318000000000001,0.0,8,0,8,0,0.0,1.0,0.0,256,28
96560.0,0.09656,0.0,16,0,16,0,0.0,1.0,0.0,128,27
96560.0,0.09656,0.0,16,0,16,0,0.0,1.0,0.0,128,28
73180.0,0.07318000000000001,0.0,8,0,8,0,0.0,1.0,0.0,256,29
96560.0,0.09656,0.0,16,0,16,0,0.0,1.0,0.0,128,29
73180.0,0.07318000000000001,0.0,8,0,8,0,0.0,1.0,0.0,256,30
73180.0,0.07318000000000001,0.0,8,0,8,0,0.0,1.0,0.0,256,31
96560.0,0.09656,0.0,16,0,16,0,0.0,1.0,0.0,128,30
96560.0,0.09656,0.0,16,0,16,0,0.0,1.0,0.0,128,31
96560.0,0.09656,0.0,16,0,16,0,0.0,1.0,0.0,128,32
73180.0,0.07318000000000001,0.0,8,0,8,0,0.0,1.0,0.0,256,32
73180.0,0.07318000000000001,0.0,8,0,8,0,0.0,1.0,0.0,256,33
73180.0,0.07318000000000001,0.0,8,0,8,0,0.0,1.0,0.0,256,34
96560.0,0.09656,0.0,16,0,16,0,0.0,1.0,0.0,128,33
73180.0,0.07318000000000001,0.0,8,0,8,0,0.0,1.0,0.0,256,35
96560.0,0.09656,0.0,16,0,16,0,0.0,1.0,0.0,128,34
96560.0,0.09656,0.0,16,0,16,0,0.0,1.0,0.0,128,35
73180.0,0.07318000000000001,0.0,8,0,8,0,0.0,1.0,0.0,256,36
96560.0,0.09656,0.0,16,0,16,0,0.0,1.0,0.0,128,36
73180.0,0.07318000000000001,0.0,8,0,8,0,0.0,1.0,0.0,256,37
73180.0,0.07318000000000001,0.0,8,0,8,0,0.0,1.0,0.0,256,38
73180.0,0.07318000000000001,0.0,8,0,8,0,0.0,1.0,0.0,256,39
96560.0,0.09656,0.0,16,0,16,0,0.0,1.0,0.0,128,37
96560.0,0.09656,0.0,16,0,16,0,0.0,1.0,0.0,128,39
96560.0,0.09656,0.0,16,0,16,0,0.0,1.0,0.0,128,38
73180.0,0.07318000000000001,0.0,8,0,8,0,0.0,1.0,0.05,256,0
73180.0,0.07318000000000001,0.0,8,0,8,0,0.0,1.0,0.05,256,1
96560.0,0.09656,0.0,16,0,16,0,0.0,1.0,0.05,128,0
73180.0,0.07318000000000001,0.0,8,0,8,0,0.0,1.0,0.05,256,2
96560.0,0.09656,0.0,16,0,16,0,0.0,1.0,0.05,128,1
96560.0,0.09656,0.0,16,0,16,0,0.0,1.0,0.05,128,2
73180.0,0.07318000000000001,0.0,8,0,8,0,0.0,1.0,0.05,256,3
73180.0,0.07318000000000001,0.0,8,0,8,0,0.0,1.0,0.05,256,4
96560.0,0.09656,0.0,16,0,16,0,0.0,1.0,0.05,128,3
96560.0,0.09656,0.0,16,0,16,0,0.0,1.0,0.05,128,4
96560.0,0.09656,0.0,16,0,16,0,0.0,1.0,0.05,128,5
73180.0,0.07318000000000001,0.0,8,0,8,0,0.0,1.0,0.05,256,5
73180.0,0.07318000000000001,0.0,8,0,8,0,0.0,1.0,0.05,256,6
73180.0,0.07318000000000001,0.0,8,0,8,0,0.0,1.0,0.05,256,7
96560.0,0.09656,0.0,16,0,16,0,0.0,1.0,0.05,128,6
73180.0,0.07318000000000001,0.0,8,0,8,0,0.0,1.0,0.05,256,8
96560.0,0.09656,0.0,16,0,16,0,0.0,1.0,0.05,128,7
96560.0,0.09656,0.0,16,0,16,0,0.0,1.0,0.05,128,8
73180.0,0.07318000000000001,0.0,8,0,8,0,0.0,1.0,0.05,256,9
73180.0,0.07318000000000001,0.0,8,0,8,0,0.0,1.0,0.05,256,10
96560.0,0.09656,0.0,16,0,16,0,0.0,1.0,0.05,128,9
73180.0,0.07318000000000001,0.0,8,0,8,0,0.0,1.0,0.05,256,11
96560.0,0.09656,0.0,16,0,16,0,0.0,1.0,0.05,128,10
73180.0,0.07318000000000001,0.0,8,0,8,0,0.0,1.0,0.05,256,12
96560.0,0.09656,0.0,16,0,16,0,0.0,1.0,0.05,128,11
73180.0,0.07318000000000001,0.0,8,0,8,0,0.0,1.0,0.05,256,13
96560.0,0.09656,0.0,16,0,16,0,0.0,1.0,0.05,128,12
96560.0,0.09656,0.0,16,0,16,0,0.0,1.0,0.05,128,13
73180.0,0.07318000000000001,0.0,8,0,8,0,0.0,1.0,0.05,256,14
96560.0,0.09656,0.0,16,0,16,0,0.0,1.0,0.05,128,15
96560.0,0.09656,0.0,16,0,16,0,0.0,1.0,0.05,128,14
73180.0,0.07318000000000001,0.0,8,0,8,0,0.0,1.0,0.05,256,15
73180.0,0.07318000000000001,0.0,8,0,8,0,0.0,1.0,0.05,256,17
73180.0,0.07318000000000001,0.0,8,0,8,0,0.0,1.0,0.05,256,16
96560.0,0.09656,0.0,16,0,16,0,0.0,1.0,0.05,128,16
73180.0,0.07318000000000001,0.0,8,0,8,0,0.0,1.0,0.05,256,18
96560.0,0.09656,0.0,16,0,16,0,0.0,1.0,0.05,128,17
96560.0,0.09656,0.0,16,0,16,0,0.0,1.0,0.05,128,18
73180.0,0.07318000000000001,0.0,8,0,8,0,0.0,1.0,0.05,256,19
73180.0,0.07318000000000001,0.0,8,0,8,0,0.0,1.0,0.05,256,20
96560.0,0.09656,0.0,16,0,16,0,0.0,1.0,0.05,128,19
96560.0,0.09656,0.0,16,0,16,0,0.0,1.0,0.05,128,20
73180.0,0.07318000000000001,0.0,8,0,8,0,0.0,1.0,0.05,256,21
96560.0,0.09656,0.0,16,0,16,0,0.0,1.0,0.05,128,21
73180.0,0.07318000000000001,0.0,8,0,8,0,0.0,1.0,0.05,256,22
96560.0,0.09656,0.0,16,0,16,0,0.0,1.0,0.05,128,22
73180.0,0.07318000000000001,0.0,8,0,8,0,0.0,1.0,0.05,256,23
73180.0,0.07318000000000001,0.0,8,0,8,0,0.0,1.0,0.05,256,24
96560.0,0.09656,0.0,16,0,16,0,0.0,1.0,0.05,128,23
96560.0,0.09656,0.0,16,0,16,0,0.0,1.0,0.05,128,24
73180.0,0.07318000000000001,0.0,8,0,8,0,0.0,1.0,0.05,256,25
73180.0,0.07318000000000001,0.0,8,0,8,0,0.0,1.0,0.05,256,26
96560.0,0.09656,0.0,16,0,16,0,0.0,1.0,0.05,128,25
73180.0,0.07318000000000001,0.0,8,0,8,0,0.0,1.0,0.05,256,27
96560.0,0.09656,0.0,16,0,16,0,0.0,1.0,0.05,128,26
96560.0,0.09656,0.0,16,0,16,0,0.0,1.0,0.05,128,27
96560.0,0.09656,0.0,16,0,16,0,0.0,1.0,0.05,128,28
73180.0,0.07318000000000001,0.0,8,0,8,0,0.0,1.0,0.05,256,28
73180.0,0.07318000000000001,0.0,8,0,8,0,0.0,1.0,0.05,256,29
73180.0,0.07318000000000001,0.0,8,0,8,0,0.0,1.0,0.05,256,30
96560.0,0.09656,0.0,16,0,16,0,0.0,1.0,0.05,128,29
73180.0,0.07318000000000001,0.0,8,0,8,0,0.0,1.0,0.05,256,31
96560.0,0.09656,0.0,16,0,16,0,0.0,1.0,0.05,128,30
96560.0,0.09656,0.0,16,0,16,0,0.0,1.0,0.05,128,31
73180.0,0.07318000000000001,0.0,8,0,8,0,0.0,1.0,0.05,256,32
73180.0,0.07318000000000001,0.0,8,0,8,0,0.0,1.0,0.05,256,33
96560.0,0.09656,0.0,16,0,16,0,0.0,1.0,0.05,128,32
96560.0,0.09656,0.0,16,0,16,0,0.0,1.0,0.05,128,33
73180.0,0.07318000000000001,0.0,8,0,8,0,0.0,1.0,0.05,256,34
73180.0,0.07318000000000001,0.0,8,0,8,0,0.0,1.0,0.05,256,35
96560.0,0.09656,0.0,16,0,16,0,0.0,1.0,0.05,128,34
96560.0,0.09656,0.0,16,0,16,0,0.0,1.0,0.05,128,35
73180.0,0.07318000000000001,0.0,8,0,8,0,0.0,1.0,0.05,256,36
96560.0,0.09656,0.0,16,0,16,0,0.0,1.0,0.05,128,36
73180.0,0.07318000000000001,0.0,8,0,8,0,0.0,1.0,0.05,256,37
73180.0,0.07318000000000001,0.0,8,0,8,0,0.0,1.0,0.05,256,38
96560.0,0.09656,0.0,16,0,16,0,0.0,1.0,0.05,128,37
96560.0,0.09656,0.0,16,0,16,0,0.0,1.0,0.05,128,38
73180.0,0.07318000000000001,0.0,8,0,8,0,0.0,1.0,0.05,256,39
73180.0,0.07318000000000001,0.0,8,0,8,0,0.0,1.0,0.1,256,0
96560.0,0.09656,0.0,16,0,16,0,0.0,1.0,0.05,128,39
96560.0,0.09656,0.0,16,0,16,0,0.0,1.0,0.1,128,0
73180.0,0.07318000000000001,0.0,8,0,8,0,0.0,1.0,0.1,256,1
96560.0,0.09656,0.0,16,0,16,0,0.0,1.0,0.1,128,1
73180.0,0.07318000000000001,0.0,8,0,8,0,0.0,1.0,0.1,256,2
96560.0,0.09656,0.0,16,0,16,0,0.0,1.0,0.1,128,3
96560.0,0.09656,0.0,16,0,16,0,0.0,1.0,0.1,128,2
73180.0,0.07318000000000001,0.0,8,0,8,0,0.0,1.0,0.1,256,3
73180.0,0.07318000000000001,0.0,8,0,8,0,0.0,1.0,0.1,256,4
73180.0,0.07318000000000001,0.0,8,0,8,0,0.0,1.0,0.1,256,5
96560.0,0.09656,0.0,16,0,16,0,0.0,1.0,0.1,128,4
96560.0,0.09656,0.0,16,0,16,0,0.0,1.0,0.1,128,5
73180.0,0.07318000000000001,0.0,8,0,8,0,0.0,1.0,0.1,256,6
73180.0,0.07318000000000001,0.0,8,0,8,0,0.0,1.0,0.1,256,7
96560.0,0.09656,0.0,16,0,16,0,0.0,1.0,0.1,128,6
96560.0,0.09656,0.0,16,0,16,0,0.0,1.0,0.1,128,7
73180.0,0.07318000000000001,0.0,8,0,8,0,0.0,1.0,0.1,256,8
73180.0,0.07318000000000001,0.0,8,0,8,0,0.0,1.0,0.1,256,9
96560.0,0.09656,0.0,16,0,16,0,0.0,1.0,0.1,128,8
96560.0,0.09656,0.0,16,0,16,0,0.0,1.0,0.1,128,9
73180.0,0.07318000000000001,0.0,8,0,8,0,0.0,1.0,0.1,256,11
73180.0,0.07318000000000001,0.0,8,0,8,0,0.0,1.0,0.1,256,10
73180.0,0.07318000000000001,0.0,8,0,8,0,0.0,1.0,0.1,256,12
96560.0,0.09656,0.0,16,0,16,0,0.0,1.0,0.1,128,10
96560.0,0.09656,0.0,16,0,16,0,0.0,1.0,0.1,128,11
73180.0,0.07318000000000001,0.0,8,0,8,0,0.0,1.0,0.1,256,14
96560.0,0.09656,0.0,16,0,16,0,0.0,1.0,0.1,128,12
73180.0,0.07318000000000001,0.0,8,0,8,0,0.0,1.0,0.1,256,13
96560.0,0.09656,0.0,16,0,16,0,0.0,1.0,0.1,128,13
73180.0,0.07318000000000001,0.0,8,0,8,0,0.0,1.0,0.1,256,15
96560.0,0.09656,0.0,16,0,16,0,0.0,1.0,0.1,128,14
73180.0,0.07318000000000001,0.0,8,0,8,0,0.0,1.0,0.1,256,17
73180.0,0.07318000000000001,0.0,8,0,8,0,0.0,1.0,0.1,256,16
96560.0,0.09656,0.0,16,0,16,0,0.0,1.0,0.1,128,15
96560.0,0.09656,0.0,16,0,16,0,0.0,1.0,0.1,128,17
73180.0,0.07318000000000001,0.0,8,0,8,0,0.0,1.0,0.1,256,18
96560.0,0.09656,0.0,16,0,16,0,0.0,1.0,0.1,128,16
73180.0,0.07318000000000001,0.0,8,0,8,0,0.0,1.0,0.1,256,19
96560.0,0.09656,0.0,16,0,16,0,0.0,1.0,0.1,128,18
73180.0,0.07318000000000001,0.0,8,0,8,0,0.0,1.0,0.1,256,20
96560.0,0.09656,0.0,16,0,16,0,0.0,1.0,0.1,128,19
73180.0,0.07318000000000001,0.0,8,0,8,0,0.0,1.0,0.1,256,21
96560.0,0.09656,0.0,16,0,16,0,0.0,1.0,0.1,128,20
96560.0,0.09656,0.0,16,0,16,0,0.0,1.0,0.1,128,21
73180.0,0.07318000000000001,0.0,8,0,8,0,0.0,1.0,0.1,256,22
96560.0,0.09656,0.0,16,0,16,0,0.0,1.0,0.1,128,22
73180.0,0.07318000000000001,0.0,8,0,8,0,0.0,1.0,0.1,256,23
73180.0,0.07318000000000001,0.0,8,0,8,0,0.0,1.0,0.1,256,24
96560.0,0.09656,0.0,16,0,16,0,0.0,1.0,0.1,128,23
73180.0,0.07318000000000001,0.0,8,0,8,0,0.0,1.0,0.1,256,25
96560.0,0.09656,0.0,16,0,16,0,0.0,1.0,0.1,128,26
96560.0,0.09656,0.0,16,0,16,0,0.0,1.0,0.1,128,24
73180.0,0.07318000000000001,0.0,8,0,8,0,0.0,1.0,0.1,256,26
96560.0,0.09656,0.0,16,0,16,0,0.0,1.0,0.1,128,25
73180.0,0.07318000000000001,0.0,8,0,8,0,0.0,1.0,0.1,256,27
96560.0,0.09656,0.0,16,0,16,0,0.0,1.0,0.1,128,27
73180.0,0.07318000000000001,0.0,8,0,8,0,0.0,1.0,0.1,256,28
73180.0,0.07318000000000001,0.0,8,0,8,0,0.0,1.0,0.1,256,29
96560.0,0.09656,0.0,16,0,16,0,0.0,1.0,0.1,128,28
96560.0,0.09656,0.0,16,0,16,0,0.0,1.0,0.1,128,29
73180.0,0.07318000000000001,0.0,8,0,8,0,0.0,1.0,0.1,256,30
73180.0,0.07318000000000001,0.0,8,0,8,0,0.0,1.0,0.1,256,31
96560.0,0.09656,0.0,16,0,16,0,0.0,1.0,0.1,128,30
73180.0,0.07318000000000001,0.0,8,0,8,0,0.0,1.0,0.1,256,32
96560.0,0.09656,0.0,16,0,16,0,0.0,1.0,0.1,128,31
96560.0,0.09656,0.0,16,0,16,0,0.0,1.0,0.1,128,32
73180.0,0.07318000000000001,0.0,8,0,8,0,0.0,1.0,0.1,256,33
96560.0,0.09656,0.0,16,0,16,0,0.0,1.0,0.1,128,34
96560.0,0.09656,0.0,16,0,16,0,0.0,1.0,0.1,128,33
73180.0,0.07318000000000001,0.0,8,0,8,0,0.0,1.0,0.1,256,34
73180.0,0.07318000000000001,0.0,8,0,8,0,0.0,1.0,0.1,256,35
96560.0,0.09656,0.0,16,0,16,0,0.0,1.0,0.1,128,35
73180.0,0.07318000000000001,0.0,8,0,8,0,0.0,1.0,0.1,256,37
73180.0,0.07318000000000001,0.0,8,0,8,0,0.0,1.0,0.1,256,36
96560.0,0.09656,0.0,16,0,16,0,0.0,1.0,0.1,128,36
96560.0,0.09656,0.0,16,0,16,0,0.0,1.0,0.1,128,37
73180.0,0.07318000000000001,0.0,8,0,8,0,0.0,1.0,0.1,256,39
96560.0,0.09656,0.0,16,0,16,0,0.0,1.0,0.1,128,38
73180.0,0.07318000000000001,0.0,8,0,8,0,0.0,1.0,0.1,256,38
96560.0,0.09656,0.0,16,0,16,0,0.0,1.0,0.1,128,39
73180.0,0.07318000000000001,0.0,8,0,8,0,0.0,1.0,0.15,256,0
96560.0,0.09656,0.0,16,0,16,0,0.0,1.0,0.15,128,0
73180.0,0.07318000000000001,0.0,8,0,8,0,0.0,1.0,0.15,256,1
96560.0,0.09656,0.0,16,0,16,0,0.0,1.0,0.15,128,1
73180.0,0.07318000000000001,0.0,8,0,8,0,0.0,1.0,0.15,256,2
96560.0,0.09656,0.0,16,0,16,0,0.0,1.0,0.15,128,2
96560.0,0.09656,0.0,16,0,16,0,0.0,1.0,0.15,128,3
96560.0,0.09656,0.0,16,0,16,0,0.0,1.0,0.15,128,4
73180.0,0.07318000000000001,0.0,8,0,8,0,0.0,1.0,0.15,256,4
73180.0,0.07318000000000001,0.0,8,0,8,0,0.0,1.0,0.15,256,6
73180.0,0.07318000000000001,0.0,8,0,8,0,0.0,1.0,0.15,256,5
96560.0,0.09656,0.0,16,0,16,0,0.0,1.0,0.15,128,6
96560.0,0.09656,0.0,16,0,16,0,0.0,1.0,0.15,128,5
73180.0,0.07318000000000001,0.0,8,0,8,0,0.0,1.0,0.15,256,7
73180.0,0.07318000000000001,0.0,8,0,8,0,0.0,1.0,0.15,256,8
73180.0,0.07318000000000001,0.0,8,0,8,0,0.0,1.0,0.15,256,3
96560.0,0.09656,0.0,16,0,16,0,0.0,1.0,0.15,128,7
73180.0,0.07318000000000001,0.0,8,0,8,0,0.0,1.0,0.15,256,9
96560.0,0.09656,0.0,16,0,16,0,0.0,1.0,0.15,128,8
96560.0,0.09656,0.0,16,0,16,0,0.0,1.0,0.15,128,9
73180.0,0.07318000000000001,0.0,8,0,8,0,0.0,1.0,0.15,256,10
96560.0,0.09656,0.0,16,0,16,0,0.0,1.0,0.15,128,11
96560.0,0.09656,0.0,16,0,16,0,0.0,1.0,0.15,128,10
73180.0,0.07318000000000001,0.0,8,0,8,0,0.0,1.0,0.15,256,12
96560.0,0.09656,0.0,16,0,16,0,0.0,1.0,0.15,128,12
73180.0,0.07318000000000001,0.0,8,0,8,0,0.0,1.0,0.15,256,13
96560.0,0.09656,0.0,16,0,16,0,0.0,1.0,0.15,128,13
96560.0,0.09656,0.0,16,0,16,0,0.0,1.0,0.15,128,14
73180.0,0.07318000000000001,0.0,8,0,8,0,0.0,1.0,0.15,256,15
73180.0,0.07318000000000001,0.0,8,0,8,0,0.0,1.0,0.15,256,16
96560.0,0.09656,0.0,16,0,16,0,0.0,1.0,0.15,128,15
73180.0,0.07318000000000001,0.0,8,0,8,0,0.0,1.0,0.15,256,17
73180.0,0.07318000000000001,0.0,8,0,8,0,0.0,1.0,0.15,256,11
96560.0,0.09656,0.0,16,0,16,0,0.0,1.0,0.15,128,17
96560.0,0.09656,0.0,16,0,16,0,0.0,1.0,0.15,128,16
73180.0,0.07318000000000001,0.0,8,0,8,0,0.0,1.0,0.15,256,18
73180.0,0.07318000000000001,0.0,8,0,8,0,0.0,1.0,0.15,256,20
73180.0,0.07318000000000001,0.0,8,0,8,0,0.0,1.0,0.15,256,19
73180.0,0.07318000000000001,0.0,8,0,8,0,0.0,1.0,0.15,256,14
96560.0,0.09656,0.0,16,0,16,0,0.0,1.0,0.15,128,19
73180.0,0.07318000000000001,0.0,8,0,8,0,0.0,1.0,0.15,256,21
96560.0,0.09656,0.0,16,0,16,0,0.0,1.0,0.15,128,21
96560.0,0.09656,0.0,16,0,16,0,0.0,1.0,0.15,128,20
96560.0,0.09656,0.0,16,0,16,0,0.0,1.0,0.15,128,22
73180.0,0.07318000000000001,0.0,8,0,8,0,0.0,1.0,0.15,256,23
96560.0,0.09656,0.0,16,0,16,0,0.0,1.0,0.15,128,18
73180.0,0.07318000000000001,0.0,8,0,8,0,0.0,1.0,0.15,256,24
73180.0,0.07318000000000001,0.0,8,0,8,0,0.0,1.0,0.15,256,25
96560.0,0.09656,0.0,16,0,16,0,0.0,1.0,0.15,128,24
73180.0,0.07318000000000001,0.0,8,0,8,0,0.0,1.0,0.15,256,26
73180.0,0.07318000000000001,0.0,8,0,8,0,0.0,1.0,0.15,256,27
73180.0,0.07318000000000001,0.0,8,0,8,0,0.0,1.0,0.15,256,22
73180.0,0.07318000000000001,0.0,8,0,8,0,0.0,1.0,0.15,256,28
96560.0,0.09656,0.0,16,0,16,0,0.0,1.0,0.15,128,27
96560.0,0.09656,0.0,16,0,16,0,0.0,1.0,0.15,128,23
96560.0,0.09656,0.0,16,0,16,0,0.0,1.0,0.15,128,28
96560.0,0.09656,0.0,16,0,16,0,0.0,1.0,0.15,128,29
73180.0,0.07318000000000001,0.0,8,0,8,0,0.0,1.0,0.15,256,30
96560.0,0.09656,0.0,16,0,16,0,0.0,1.0,0.15,128,25
96560.0,0.09656,0.0,16,0,16,0,0.0,1.0,0.15,128,30
73180.0,0.07318000000000001,0.0,8,0,8,0,0.0,1.0,0.15,256,31
96560.0,0.09656,0.0,16,0,16,0,0.0,1.0,0.15,128,26
96560.0,0.09656,0.0,16,0,16,0,0.0,1.0,0.15,128,31
96560.0,0.09656,0.0,16,0,16,0,0.0,1.0,0.15,128,32
73180.0,0.07318000000000001,0.0,8,0,8,0,0.0,1.0,0.15,256,29
96560.0,0.09656,0.0,16,0,16,0,0.0,1.0,0.15,128,33
73180.0,0.07318000000000001,0.0,8,0,8,0,0.0,1.0,0.15,256,33
73180.0,0.07318000000000001,0.0,8,0,8,0,0.0,1.0,0.15,256,34
96560.0,0.09656,0.0,16,0,16,0,0.0,1.0,0.15,128,34
73180.0,0.07318000000000001,0.0,8,0,8,0,0.0,1.0,0.15,256,35
96560.0,0.09656,0.0,16,0,16,0,0.0,1.0,0.15,128,35
96560.0,0.09656,0.0,16,0,16,0,0.0,1.0,0.15,128,36
73180.0,0.07318000000000001,0.0,8,0,8,0,0.0,1.0,0.15,256,32
73180.0,0.07318000000000001,0.0,8,0,8,0,0.0,1.0,0.15,256,36
73180.0,0.07318000000000001,0.0,8,0,8,0,0.0,1.0,0.15,256,37
73180.0,0.07318000000000001,0.0,8,0,8,0,0.0,1.0,0.15,256,38
73180.0,0.07318000000000001,0.0,8,0,8,0,0.0,1.0,0.15,256,39
96560.0,0.09656,0.0,16,0,16,0,0.0,1.0,0.15,128,38
96560.0,0.09656,0.0,16,0,16,0,0.0,1.0,0.15,128,37
73180.0,0.07318000000000001,0.0,8,0,8,0,0.0,0.984,0.2,256,0
96560.0,0.09656,0.0,16,0,16,0,0.0,1.0,0.15,128,39
96560.0,0.09656,0.0,16,0,16,0,0.0,1.0,0.2,128,0
73180.0,0.07318000000000001,0.0,8,0,8,0,0.0,0.986,0.2,256,1
96560.0,0.09656,0.0,16,0,16,0,0.0,1.0,0.2,128,1
73180.0,0.07318000000000001,0.0,8,0,8,0,0.0,0.974,0.2,256,2
96560.0,0.09656,0.0,16,0,16,0,0.0,1.0,0.2,128,2
73180.0,0.07318000000000001,0.0,8,0,8,0,0.0,0.976,0.2,256,3
73180.0,0.07318000000000001,0.0,8,0,8,0,0.0,0.982,0.2,256,4
96560.0,0.09656,0.0,16,0,16,0,0.0,1.0,0.2,128,3
96560.0,0.09656,0.0,16,0,16,0,0.0,1.0,0.2,128,4
73180.0,0.07318000000000001,0.0,8,0,8,0,0.0,0.978,0.2,256,5
96560.0,0.09656,0.0,16,0,16,0,0.0,1.0,0.2,128,5
73180.0,0.07318000000000001,0.0,8,0,8,0,0.0,0.978,0.2,256,6
73180.0,0.07318000000000001,0.0,8,0,8,0,0.0,0.982,0.2,256,7
96560.0,0.09656,0.0,16,0,16,0,0.0,1.0,0.2,128,6
73180.0,0.07318000000000001,0.0,8,0,8,0,0.0,0.974,0.2,256,8
96560.0,0.09656,0.0,16,0,16,0,0.0,1.0,0.2,128,7
96560.0,0.09656,0.0,16,0,16,0,0.0,1.0,0.2,128,8
73180.0,0.07318000000000001,0.0,8,0,8,0,0.0,0.98,0.2,256,9
73180.0,0.07318000000000001,0.0,8,0,8,0,0.0,0.976,0.2,256,10
96560.0,0.09656,0.0,16,0,16,0,0.0,1.0,0.2,128,9
96560.0,0.09656,0.0,16,0,16,0,0.0,1.0,0.2,128,10
73180.0,0.07318000000000001,0.0,8,0,8,0,0.0,0.978,0.2,256,11
96560.0,0.09656,0.0,16,0,16,0,0.0,1.0,0.2,128,11
73180.0,0.07318000000000001,0.0,8,0,8,0,0.0,0.974,0.2,256,12
96560.0,0.09656,0.0,16,0,16,0,0.0,1.0,0.2,128,12
73180.0,0.07318000000000001,0.0,8,0,8,0,0.0,0.972,0.2,256,13
96560.0,0.09656,0.0,16,0,16,0,0.0,1.0,0.2,128,13
73180.0,0.07318000000000001,0.0,8,0,8,0,0.0,0.98,0.2,256,15
73180.0,0.07318000000000001,0.0,8,0,8,0,0.0,0.978,0.2,256,14
73180.0,0.07318000000000001,0.0,8,0,8,0,0.0,0.974,0.2,256,16
96560.0,0.09656,0.0,16,0,16,0,0.0,1.0,0.2,128,14
96560.0,0.09656,0.0,16,0,16,0,0.0,1.0,0.2,128,15
96560.0,0.09656,0.0,16,0,16,0,0.0,1.0,0.2,128,16
96560.0,0.09656,0.0,16,0,16,0,0.0,1.0,0.2,128,17
73180.0,0.07318000000000001,0.0,8,0,8,0,0.0,0.974,0.2,256,17
73180.0,0.07318000000000001,0.0,8,0,8,0,0.0,0.986,0.2,256,18
96560.0,0.09656,0.0,16,0,16,0,0.0,1.0,0.2,128,18
73180.0,0.07318000000000001,0.0,8,0,8,0,0.0,0.988,0.2,256,19
73180.0,0.07318000000000001,0.0,8,0,8,0,0.0,0.982,0.2,256,20
96560.0,0.09656,0.0,16,0,16,0,0.0,1.0,0.2,128,20
73180.0,0.07318000000000001,0.0,8,0,8,0,0.0,0.974,0.2,256,21
96560.0,0.09656,0.0,16,0,16,0,0.0,1.0,0.2,128,19
73180.0,0.07318000000000001,0.0,8,0,8,0,0.0,0.974,0.2,256,22
96560.0,0.09656,0.0,16,0,16,0,0.0,1.0,0.2,128,21
73180.0,0.07318000000000001,0.0,8,0,8,0,0.0,0.98,0.2,256,23
73180.0,0.07318000000000001,0.0,8,0,8,0,0.0,0.978,0.2,256,24
96560.0,0.09656,0.0,16,0,16,0,0.0,1.0,0.2,128,22
96560.0,0.09656,0.0,16,0,16,0,0.0,1.0,0.2,128,23
96560.0,0.09656,0.0,16,0,16,0,0.0,1.0,0.2,128,24
73180.0,0.07318000000000001,0.0,8,0,8,0,0.0,0.976,0.2,256,25
96560.0,0.09656,0.0,16,0,16,0,0.0,1.0,0.2,128,25
73180.0,0.07318000000000001,0.0,8,0,8,0,0.0,0.984,0.2,256,26
73180.0,0.07318000000000001,0.0,8,0,8,0,0.0,0.972,0.2,256,28
73180.0,0.07318000000000001,0.0,8,0,8,0,0.0,0.974,0.2,256,27
96560.0,0.09656,0.0,16,0,16,0,0.0,1.0,0.2,128,26
96560.0,0.09656,0.0,16,0,16,0,0.0,1.0,0.2,128,27
73180.0,0.07318000000000001,0.0,8,0,8,0,0.0,0.976,0.2,256,29
96560.0,0.09656,0.0,16,0,16,0,0.0,1.0,0.2,128,28
73180.0,0.07318000000000001,0.0,8,0,8,0,0.0,0.976,0.2,256,30
96560.0,0.09656,0.0,16,0,16,0,0.0,1.0,0.2,128,29
96560.0,0.09656,0.0,16,0,16,0,0.0,1.0,0.2,128,30
73180.0,0.07318000000000001,0.0,8,0,8,0,0.0,0.97,0.2,256,31
96560.0,0.09656,0.0,16,0,16,0,0.0,1.0,0.2,128,31
73180.0,0.07318000000000001,0.0,8,0,8,0,0.0,0.984,0.2,256,32
73180.0,0.07318000000000001,0.0,8,0,8,0,0.0,0.982,0.2,256,33
96560.0,0.09656,0.0,16,0,16,0,0.0,1.0,0.2,128,33
96560.0,0.09656,0.0,16,0,16,0,0.0,1.0,0.2,128,32
73180.0,0.07318000000000001,0.0,8,0,8,0,0.0,0.98,0.2,256,34
73180.0,0.07318000000000001,0.0,8,0,8,0,0.0,0.976,0.2,256,35
96560.0,0.09656,0.0,16,0,16,0,0.0,1.0,0.2,128,34
73180.0,0.07318000000000001,0.0,8,0,8,0,0.0,0.97,0.2,256,36
73180.0,0.07318000000000001,0.0,8,0,8,0,0.0,0.98,0.2,256,37
96560.0,0.09656,0.0,16,0,16,0,0.0,1.0,0.2,128,35
96560.0,0.09656,0.0,16,0,16,0,0.0,1.0,0.2,128,36
96560.0,0.09656,0.0,16,0,16,0,0.0,1.0,0.2,128,37
73180.0,0.07318000000000001,0.0,8,0,8,0,0.0,0.976,0.2,256,38
96560.0,0.09656,0.0,16,0,16,0,0.0,1.0,0.2,128,38
73180.0,0.07318000000000001,0.0,8,0,8,0,0.0,0.982,0.2,256,39
73180.0,0.07318000000000001,0.0,8,0,8,0,0.0,0.818,0.25,256,0
96560.0,0.09656,0.0,16,0,16,0,0.0,1.0,0.2,128,39
73180.0,0.07318000000000001,0.0,8,0,8,0,0.0,0.802,0.25,256,1
96560.0,0.09656,0.0,16,0,16,0,0.0,1.0,0.25,128,0
73180.0,0.07318000000000001,0.0,8,0,8,0,0.0,0.78,0.25,256,2
96560.0,0.09656,0.0,16,0,16,0,0.0,1.0,0.25,128,2
96560.0,0.09656,0.0,16,0,16,0,0.0,1.0,0.25,128,1
73180.0,0.07318000000000001,0.0,8,0,8,0,0.0,0.798,0.25,256,3
73180.0,0.07318000000000001,0.0,8,0,8,0,0.0,0.804,0.25,256,4
96560.0,0.09656,0.0,16,0,16,0,0.0,1.0,0.25,128,3
96560.0,0.09656,0.0,16,0,16,0,0.0,1.0,0.25,128,4
73180.0,0.07318000000000001,0.0,8,0,8,0,0.0,0.814,0.25,256,6
73180.0,0.07318000000000001,0.0,8,0,8,0,0.0,0.802,0.25,256,5
73180.0,0.07318000000000001,0.0,8,0,8,0,0.0,0.796,0.25,256,7
96560.0,0.09656,0.0,16,0,16,0,0.0,1.0,0.25,128,5
96560.0,0.09656,0.0,16,0,16,0,0.0,1.0,0.25,128,6
96560.0,0.09656,0.0,16,0,16,0,0.0,1.0,0.25,128,7
73180.0,0.07318000000000001,0.0,8,0,8,0,0.0,0.778,0.25,256,8
96560.0,0.09656,0.0,16,0,16,0,0.0,1.0,0.25,128,8
73180.0,0.07318000000000001,0.0,8,0,8,0,0.0,0.818,0.25,256,9
73180.0,0.07318000000000001,0.0,8,0,8,0,0.0,0.788,0.25,256,10
96560.0,0.09656,0.0,16,0,16,0,0.0,1.0,0.25,128,9
96560.0,0.09656,0.0,16,0,16,0,0.0,1.0,0.25,128,10
96560.0,0.09656,0.0,16,0,16,0,0.0,1.0,0.25,128,11
73180.0,0.07318000000000001,0.0,8,0,8,0,0.0,0.808,0.25,256,11
73180.0,0.07318000000000001,0.0,8,0,8,0,0.0,0.79,0.25,256,12
73180.0,0.07318000000000001,0.0,8,0,8,0,0.0,0.804,0.25,256,13
96560.0,0.09656,0.0,16,0,16,0,0.0,1.0,0.25,128,12
73180.0,0.07318000000000001,0.0,8,0,8,0,0.0,0.784,0.25,256,14
96560.0,0.09656,0.0,16,0,16,0,0.0,1.0,0.25,128,13
96560.0,0.09656,0.0,16,0,16,0,0.0,1.0,0.25,128,14
73180.0,0.07318000000000001,0.0,8,0,8,0,0.0,0.782,0.25,256,15
73180.0,0.07318000000000001,0.0,8,0,8,0,0.0,0.788,0.25,256,16
96560.0,0.09656,0.0,16,0,16,0,0.0,1.0,0.25,128,15
73180.0,0.07318000000000001,0.0,8,0,8,0,0.0,0.798,0.25,256,17
96560.0,0.09656,0.0,16,0,16,0,0.0,1.0,0.25,128,17
96560.0,0.09656,0.0,16,0,16,0,0.0,1.0,0.25,128,16
73180.0,0.07318000000000001,0.0,8,0,8,0,0.0,0.812,0.25,256,18
73180.0,0.07318000000000001,0.0,8,0,8,0,0.0,0.804,0.25,256,19
96560.0,0.09656,0.0,16,0,16,0,0.0,1.0,0.25,128,18
73180.0,0.07318000000000001,0.0,8,0,8,0,0.0,0.816,0.25,256,20
96560.0,0.09656,0.0,16,0,16,0,0.0,1.0,0.25,128,19
96560.0,0.09656,0.0,16,0,16,0,0.0,1.0,0.25,128,20
73180.0,0.07318000000000001,0.0,8,0,8,0,0.0,0.804,0.25,256,21
73180.0,0.07318000000000001,0.0,8,0,8,0,0.0,0.792,0.25,256,22
96560.0,0.09656,0.0,16,0,16,0,0.0,1.0,0.25,128,21
96560.0,0.09656,0.0,16,0,16,0,0.0,1.0,0.25,128,22
73180.0,0.07318000000000001,0.0,8,0,8,0,0.0,0.812,0.25,256,23
96560.0,0.09656,0.0,16,0,16,0,0.0,1.0,0.25,128,23
73180.0,0.07318000000000001,0.0,8,0,8,0,0.0,0.81,0.25,256,24
73180.0,0.07318000000000001,0.0,8,0,8,0,0.0,0.804,0.25,256,25
96560.0,0.09656,0.0,16,0,16,0,0.0,1.0,0.25,128,25
73180.0,0.07318000000000001,0.0,8,0,8,0,0.0,0.79,0.25,256,26
96560.0,0.09656,0.0,16,0,16,0,0.0,1.0,0.25,128,24
96560.0,0.09656,0.0,16,0,16,0,0.0,1.0,0.25,128,26
73180.0,0.07318000000000001,0.0,8,0,8,0,0.0,0.79,0.25,256,27
73180.0,0.07318000000000001,0.0,8,0,8,0,0.0,0.808,0.25,256,28
96560.0,0.09656,0.0,16,0,16,0,0.0,1.0,0.25,128,27
73180.0,0.07318000000000001,0.0,8,0,8,0,0.0,0.798,0.25,256,29
96560.0,0.09656,0.0,16,0,16,0,0.0,1.0,0.25,128,28
96560.0,0.09656,0.0,16,0,16,0,0.0,1.0,0.25,128,29
73180.0,0.07318000000000001,0.0,8,0,8,0,0.0,0.782,0.25,256,30
96560.0,0.09656,0.0,16,0,16,0,0.0,1.0,0.25,128,30
73180.0,0.07318000000000001,0.0,8,0,8,0,0.0,0.796,0.25,256,31
73180.0,0.07318000000000001,0.0,8,0,8,0,0.0,0.796,0.25,256,32
96560.0,0.09656,0.0,16,0,16,0,0.0,1.0,0.25,128,31
96560.0,0.09656,0.0,16,0,16,0,0.0,1.0,0.25,128,32
73180.0,0.07318000000000001,0.0,8,0,8,0,0.0,0.792,0.25,256,34
73180.0,0.07318000000000001,0.0,8,0,8,0,0.0,0.794,0.25,256,33
96560.0,0.09656,0.0,16,0,16,0,0.0,1.0,0.25,128,34
96560.0,0.09656,0.0,16,0,16,0,0.0,1.0,0.25,128,33
73180.0,0.07318000000000001,0.0,8,0,8,0,0.0,0.81,0.25,256,35
73180.0,0.07318000000000001,0.0,8,0,8,0,0.0,0.786,0.25,256,36
96560.0,0.09656,0.0,16,0,16,0,0.0,1.0,0.25,128,35
96560.0,0.09656,0.0,16,0,16,0,0.0,1.0,0.25,128,36
73180.0,0.07318000000000001,0.0,8,0,8,0,0.0,0.79,0.25,256,37
96560.0,0.09656,0.0,16,0,16,0,0.0,1.0,0.25,128,37
73180.0,0.07318000000000001,0.0,8,0,8,0,0.0,0.798,0.25,256,38
73180.0,0.07318000000000001,0.0,8,0,8,0,0.0,0.792,0.25,256,39
96560.0,0.09656,0.0,16,0,16,0,0.0,1.0,0.25,128,38
73180.0,0.07318000000000001,0.0,8,0,8,0,0.0,0.672,0.3,256,0
96560.0,0.09656,0.0,16,0,16,0,0.0,1.0,0.25,128,39
96560.0,0.09656,0.0,16,0,16,0,0.0,1.0,0.3,128,0
96560.0,0.09656,0.0,16,0,16,0,0.0,1.0,0.3,128,1
73180.0,0.07318000000000001,0.0,8,0,8,0,0.0,0.626,0.3,256,2
73180.0,0.07318000000000001,0.0,8,0,8,0,0.0,0.654,0.3,256,1
96560.0,0.09656,0.0,16,0,16,0,0.0,1.0,0.3,128,2
73180.0,0.07318000000000001,0.0,8,0,8,0,0.0,0.672,0.3,256,4
73180.0,0.07318000000000001,0.0,8,0,8,0,0.0,0.658,0.3,256,3
96560.0,0.09656,0.0,16,0,16,0,0.0,1.0,0.3,128,3
96560.0,0.09656,0.0,16,0,16,0,0.0,1.0,0.3,128,4
73180.0,0.07318000000000001,0.0,8,0,8,0,0.0,0.668,0.3,256,5
96560.0,0.09656,0.0,16,0,16,0,0.0,1.0,0.3,128,5
73180.0,0.07318000000000001,0.0,8,0,8,0,0.0,0.65,0.3,256,7
73180.0,0.07318000000000001,0.0,8,0,8,0,0.0,0.676,0.3,256,6
96560.0,0.09656,0.0,16,0,16,0,0.0,1.0,0.3,128,7
96560.0,0.09656,0.0,16,0,16,0,0.0,1.0,0.3,128,6
73180.0,0.07318000000000001,0.0,8,0,8,0,0.0,0.636,0.3,256,8
73180.0,0.07318000000000001,0.0,8,0,8,0,0.0,0.688,0.3,256,9
73180.0,0.07318000000000001,0.0,8,0,8,0,0.0,0.66,0.3,256,10
96560.0,0.09656,0.0,16,0,16,0,0.0,1.0,0.3,128,8
96560.0,0.09656,0.0,16,0,16,0,0.0,1.0,0.3,128,9
96560.0,0.09656,0.0,16,0,16,0,0.0,1.0,0.3,128,11
96560.0,0.09656,0.0,16,0,16,0,0.0,1.0,0.3,128,10
73180.0,0.07318000000000001,0.0,8,0,8,0,0.0,0.664,0.3,256,11
73180.0,0.07318000000000001,0.0,8,0,8,0,0.0,0.668,0.3,256,12
73180.0,0.07318000000000001,0.0,8,0,8,0,0.0,0.66,0.3,256,13
73180.0,0.07318000000000001,0.0,8,0,8,0,0.0,0.662,0.3,256,14
96560.0,0.09656,0.0,16,0,16,0,0.0,1.0,0.3,128,12
96560.0,0.09656,0.0,16,0,16,0,0.0,1.0,0.3,128,13
73180.0,0.07318000000000001,0.0,8,0,8,0,0.0,0.634,0.3,256,15
96560.0,0.09656,0.0,16,0,16,0,0.0,1.0,0.3,128,14
73180.0,0.07318000000000001,0.0,8,0,8,0,0.0,0.652,0.3,256,16
96560.0,0.09656,0.0,16,0,16,0,0.0,1.0,0.3,128,15
96560.0,0.09656,0.0,16,0,16,0,0.0,1.0,0.3,128,17
96560.0,0.09656,0.0,16,0,16,0,0.0,1.0,0.3,128,16
73180.0,0.07318000000000001,0.0,8,0,8,0,0.0,0.69,0.3,256,17
73180.0,0.07318000000000001,0.0,8,0,8,0,0.0,0.676,0.3,256,18
96560.0,0.09656,0.0,16,0,16,0,0.0,1.0,0.3,128,18
73180.0,0.07318000000000001,0.0,8,0,8,0,0.0,0.676,0.3,256,19
73180.0,0.07318000000000001,0.0,8,0,8,0,0.0,0.678,0.3,256,20
96560.0,0.09656,0.0,16,0,16,0,0.0,1.0,0.3,128,19
96560.0,0.09656,0.0,16,0,16,0,0.0,1.0,0.3,128,21
96560.0,0.09656,0.0,16,0,16,0,0.0,1.0,0.3,128,20
73180.0,0.07318000000000001,0.0,8,0,8,0,0.0,0.678,0.3,256,21
73180.0,0.07318000000000001,0.0,8,0,8,0,0.0,0.654,0.3,256,22
73180.0,0.07318000000000001,0.0,8,0,8,0,0.0,0.662,0.3,256,23
73180.0,0.07318000000000001,0.0,8,0,8,0,0.0,0.68,0.3,256,24
96560.0,0.09656,0.0,16,0,16,0,0.0,1.0,0.3,128,22
96560.0,0.09656,0.0,16,0,16,0,0.0,1.0,0.3,128,23
96560.0,0.09656,0.0,16,0,16,0,0.0,1.0,0.3,128,25
96560.0,0.09656,0.0,16,0,16,0,0.0,1.0,0.3,128,24
73180.0,0.07318000000000001,0.0,8,0,8,0,0.0,0.68,0.3,256,25
73180.0,0.07318000000000001,0.0,8,0,8,0,0.0,0.664,0.3,256,26
96560.0,0.09656,0.0,16,0,16,0,0.0,1.0,0.3,128,26
73180.0,0.07318000000000001,0.0,8,0,8,0,0.0,0.656,0.3,256,27
73180.0,0.07318000000000001,0.0,8,0,8,0,0.0,0.666,0.3,256,28
96560.0,0.09656,0.0,16,0,16,0,0.0,1.0,0.3,128,27
73180.0,0.07318000000000001,0.0,8,0,8,0,0.0,0.668,0.3,256,29
96560.0,0.09656,0.0,16,0,16,0,0.0,1.0,0.3,128,28
73180.0,0.07318000000000001,0.0,8,0,8,0,0.0,0.662,0.3,256,30
96560.0,0.09656,0.0,16,0,16,0,0.0,1.0,0.3,128,29
96560.0,0.09656,0.0,16,0,16,0,0.0,1.0,0.3,128,30
73180.0,0.07318000000000001,0.0,8,0,8,0,0.0,0.66,0.3,256,31
96560.0,0.09656,0.0,16,0,16,0,0.0,1.0,0.3,128,31
73180.0,0.07318000000000001,0.0,8,0,8,0,0.0,0.654,0.3,256,32
96560.0,0.09656,0.0,16,0,16,0,0.0,1.0,0.3,128,32
73180.0,0.07318000000000001,0.0,8,0,8,0,0.0,0.676,0.3,256,33
73180.0,0.07318000000000001,0.0,8,0,8,0,0.0,0.644,0.3,256,34
96560.0,0.09656,0.0,16,0,16,0,0.0,1.0,0.3,128,33
73180.0,0.07318000000000001,0.0,8,0,8,0,0.0,0.662,0.3,256,35
96560.0,0.09656,0.0,16,0,16,0,0.0,1.0,0.3,128,34
73180.0,0.07318000000000001,0.0,8,0,8,0,0.0,0.666,0.3,256,36
96560.0,0.09656,0.0,16,0,16,0,0.0,1.0,0.3,128,35
73180.0,0.07318000000000001,0.0,8,0,8,0,0.0,0.66,0.3,256,37
96560.0,0.09656,0.0,16,0,16,0,0.0,1.0,0.3,128,36
73180.0,0.07318000000000001,0.0,8,0,8,0,0.0,0.658,0.3,256,38
96560.0,0.09656,0.0,16,0,16,0,0.0,1.0,0.3,128,37
73180.0,0.07318000000000001,0.0,8,0,8,0,0.0,0.642,0.3,256,39
96560.0,0.09656,0.0,16,0,16,0,0.0,1.0,0.3,128,38
73180.0,0.07318000000000001,0.0,8,0,8,0,0.0,0.558,0.35000000000000003,256,0
96560.0,0.09656,0.0,16,0,16,0,0.0,1.0,0.3,128,39
73180.0,0.07318000000000001,0.0,8,0,8,0,0.0,0.56,0.35000000000000003,256,1
96560.0,0.09656,0.0,16,0,16,0,0.0,1.0,0.35000000000000003,128,0
96560.0,0.09656,0.0,16,0,16,0,0.0,1.0,0.35000000000000003,128,1
73180.0,0.07318000000000001,0.0,8,0,8,0,0.0,0.542,0.35000000000000003,256,2
73180.0,0.07318000000000001,0.0,8,0,8,0,0.0,0.566,0.35000000000000003,256,3
96560.0,0.09656,0.0,16,0,16,0,0.0,1.0,0.35000000000000003,128,2
73180.0,0.07318000000000001,0.0,8,0,8,0,0.0,0.576,0.35000000000000003,256,4
96560.0,0.09656,0.0,16,0,16,0,0.0,1.0,0.35000000000000003,128,3
73180.0,0.07318000000000001,0.0,8,0,8,0,0.0,0.582,0.35000000000000003,256,5
96560.0,0.09656,0.0,16,0,16,0,0.0,1.0,0.35000000000000003,128,4
96560.0,0.09656,0.0,16,0,16,0,0.0,1.0,0.35000000000000003,128,5
73180.0,0.07318000000000001,0.0,8,0,8,0,0.0,0.582,0.35000000000000003,256,6
73180.0,0.07318000000000001,0.0,8,0,8,0,0.0,0.56,0.35000000000000003,256,7
96560.0,0.09656,0.0,16,0,16,0,0.0,1.0,0.35000000000000003,128,6
96560.0,0.09656,0.0,16,0,16,0,0.0,1.0,0.35000000000000003,128,7
73180.0,0.07318000000000001,0.0,8,0,8,0,0.0,0.548,0.35000000000000003,256,8
73180.0,0.07318000000000001,0.0,8,0,8,0,0.0,0.574,0.35000000000000003,256,9
96560.0,0.09656,0.0,16,0,16,0,0.0,1.0,0.35000000000000003,128,9
96560.0,0.09656,0.0,16,0,16,0,0.0,1.0,0.35000000000000003,128,8
73180.0,0.07318000000000001,0.0,8,0,8,0,0.0,0.554,0.35000000000000003,256,10
96560.0,0.09656,0.0,16,0,16,0,0.0,1.0,0.35000000000000003,128,10
96560.0,0.09656,0.0,16,0,16,0,0.0,1.0,0.35000000000000003,128,11
73180.0,0.07318000000000001,0.0,8,0,8,0,0.0,0.568,0.35000000000000003,256,11
73180.0,0.07318000000000001,0.0,8,0,8,0,0.0,0.578,0.35000000000000003,256,12
73180.0,0.07318000000000001,0.0,8,0,8,0,0.0,0.572,0.35000000000000003,256,13
73180.0,0.07318000000000001,0.0,8,0,8,0,0.0,0.568,0.35000000000000003,256,14
96560.0,0.09656,0.0,16,0,16,0,0.0,1.0,0.35000000000000003,128,14
96560.0,0.09656,0.0,16,0,16,0,0.0,1.0,0.35000000000000003,128,12
96560.0,0.09656,0.0,16,0,16,0,0.0,1.0,0.35000000000000003,128,13
73180.0,0.07318000000000001,0.0,8,0,8,0,0.0,0.53,0.35000000000000003,256,15
96560.0,0.09656,0.0,16,0,16,0,0.0,1.0,0.35000000000000003,128,15
73180.0,0.07318000000000001,0.0,8,0,8,0,0.0,0.584,0.35000000000000003,256,17
73180.0,0.07318000000000001,0.0,8,0,8,0,0.0,0.568,0.35000000000000003,256,16
96560.0,0.09656,0.0,16,0,16,0,0.0,1.0,0.35000000000000003,128,16
73180.0,0.07318000000000001,0.0,8,0,8,0,0.0,0.57,0.35000000000000003,256,18
73180.0,0.07318000000000001,0.0,8,0,8,0,0.0,0.578,0.35000000000000003,256,19
96560.0,0.09656,0.0,16,0,16,0,0.0,1.0,0.35000000000000003,128,17
96560.0,0.09656,0.0,16,0,16,0,0.0,1.0,0.35000000000000003,128,18
73180.0,0.07318000000000001,0.0,8,0,8,0,0.0,0.592,0.35000000000000003,256,20
96560.0,0.09656,0.0,16,0,16,0,0.0,1.0,0.35000000000000003,128,19
96560.0,0.09656,0.0,16,0,16,0,0.0,1.0,0.35000000000000003,128,20
73180.0,0.07318000000000001,0.0,8,0,8,0,0.0,0.586,0.35000000000000003,256,21
73180.0,0.07318000000000001,0.0,8,0,8,0,0.0,0.562,0.35000000000000003,256,22
96560.0,0.09656,0.0,16,0,16,0,0.0,1.0,0.35000000000000003,128,21
96560.0,0.09656,0.0,16,0,16,0,0.0,1.0,0.35000000000000003,128,22
73180.0,0.07318000000000001,0.0,8,0,8,0,0.0,0.574,0.35000000000000003,256,23
96560.0,0.09656,0.0,16,0,16,0,0.0,1.0,0.35000000000000003,128,23
73180.0,0.07318000000000001,0.0,8,0,8,0,0.0,0.576,0.35000000000000003,256,24
73180.0,0.07318000000000001,0.0,8,0,8,0,0.0,0.592,0.35000000000000003,256,25
96560.0,0.09656,0.0,16,0,16,0,0.0,1.0,0.35000000000000003,128,24
73180.0,0.07318000000000001,0.0,8,0,8,0,0.0,0.574,0.35000000000000003,256,26
96560.0,0.09656,0.0,16,0,16,0,0.0,1.0,0.35000000000000003,128,25
73180.0,0.07318000000000001,0.0,8,0,8,0,0.0,0.556,0.35000000000000003,256,27
96560.0,0.09656,0.0,16,0,16,0,0.0,1.0,0.35000000000000003,128,26
73180.0,0.07318000000000001,0.0,8,0,8,0,0.0,0.572,0.35000000000000003,256,28
73180.0,0.07318000000000001,0.0,8,0,8,0,0.0,0.57,0.35000000000000003,256,29
96560.0,0.09656,0.0,16,0,16,0,0.0,1.0,0.35000000000000003,128,28
73180.0,0.07318000000000001,0.0,8,0,8,0,0.0,0.568,0.35000000000000003,256,30
96560.0,0.09656,0.0,16,0,16,0,0.0,1.0,0.35000000000000003,128,29
96560.0,0.09656,0.0,16,0,16,0,0.0,1.0,0.35000000000000003,128,30
73180.0,0.07318000000000001,0.0,8,0,8,0,0.0,0.556,0.35000000000000003,256,31
73180.0,0.07318000000000001,0.0,8,0,8,0,0.0,0.546,0.35000000000000003,256,32
96560.0,0.09656,0.0,16,0,16,0,0.0,1.0,0.35000000000000003,128,31
96560.0,0.09656,0.0,16,0,16,0,0.0,1.0,0.35000000000000003,128,27
96560.0,0.09656,0.0,16,0,16,0,0.0,1.0,0.35000000000000003,128,32
73180.0,0.07318000000000001,0.0,8,0,8,0,0.0,0.586,0.35000000000000003,256,33
96560.0,0.09656,0.0,16,0,16,0,0.0,1.0,0.35000000000000003,128,34
73180.0,0.07318000000000001,0.0,8,0,8,0,0.0,0.542,0.35000000000000003,256,34
96560.0,0.09656,0.0,16,0,16,0,0.0,1.0,0.35000000000000003,128,33
73180.0,0.07318000000000001,0.0,8,0,8,0,0.0,0.55,0.35000000000000003,256,35
73180.0,0.07318000000000001,0.0,8,0,8,0,0.0,0.564,0.35000000000000003,256,36
73180.0,0.07318000000000001,0.0,8,0,8,0,0.0,0.54,0.35000000000000003,256,37
96560.0,0.09656,0.0,16,0,16,0,0.0,1.0,0.35000000000000003,128,35
96560.0,0.09656,0.0,16,0,16,0,0.0,1.0,0.35000000000000003,128,36
96560.0,0.09656,0.0,16,0,16,0,0.0,1.0,0.35000000000000003,128,37
73180.0,0.07318000000000001,0.0,8,0,8,0,0.0,0.576,0.35000000000000003,256,38
73180.0,0.07318000000000001,0.0,8,0,8,0,0.0,0.558,0.35000000000000003,256,39
96560.0,0.09656,0.0,16,0,16,0,0.0,1.0,0.35000000000000003,128,38
73180.0,0.07318000000000001,0.0,8,0,8,0,0.0,0.486,0.4,256,0
96560.0,0.09656,0.0,16,0,16,0,0.0,1.0,0.35000000000000003,128,39
73180.0,0.07318000000000001,0.0,8,0,8,0,0.0,0.492,0.4,256,1
96560.0,0.09656,0.0,16,0,16,0,0.0,0.968,0.4,128,0
73180.0,0.07318000000000001,0.0,8,0,8,0,0.0,0.484,0.4,256,2
73180.0,0.07318000000000001,0.0,8,0,8,0,0.0,0.5,0.4,256,3
96560.0,0.09656,0.0,16,0,16,0,0.0,0.972,0.4,128,2
73180.0,0.07318000000000001,0.0,8,0,8,0,0.0,0.496,0.4,256,4
96560.0,0.09656,0.0,16,0,16,0,0.0,0.972,0.4,128,3
96560.0,0.09656,0.0,16,0,16,0,0.0,0.968,0.4,128,4
73180.0,0.07318000000000001,0.0,8,0,8,0,0.0,0.506,0.4,256,6
73180.0,0.07318000000000001,0.0,8,0,8,0,0.0,0.5,0.4,256,5
96560.0,0.09656,0.0,16,0,16,0,0.0,0.97,0.4,128,5
96560.0,0.09656,0.0,16,0,16,0,0.0,0.97,0.4,128,1
96560.0,0.09656,0.0,16,0,16,0,0.0,0.966,0.4,128,6
73180.0,0.07318000000000001,0.0,8,0,8,0,0.0,0.484,0.4,256,7
73180.0,0.07318000000000001,0.0,8,0,8,0,0.0,0.478,0.4,256,8
96560.0,0.09656,0.0,16,0,16,0,0.0,0.978,0.4,128,7
73180.0,0.07318000000000001,0.0,8,0,8,0,0.0,0.5,0.4,256,9
96560.0,0.09656,0.0,16,0,16,0,0.0,0.966,0.4,128,8
96560.0,0.09656,0.0,16,0,16,0,0.0,0.97,0.4,128,9
96560.0,0.09656,0.0,16,0,16,0,0.0,0.96,0.4,128,10
73180.0,0.07318000000000001,0.0,8,0,8,0,0.0,0.48,0.4,256,10
73180.0,0.07318000000000001,0.0,8,0,8,0,0.0,0.49,0.4,256,11
96560.0,0.09656,0.0,16,0,16,0,0.0,0.962,0.4,128,11
73180.0,0.07318000000000001,0.0,8,0,8,0,0.0,0.506,0.4,256,12
73180.0,0.07318000000000001,0.0,8,0,8,0,0.0,0.506,0.4,256,13
96560.0,0.09656,0.0,16,0,16,0,0.0,0.964,0.4,128,12
96560.0,0.09656,0.0,16,0,16,0,0.0,0.964,0.4,128,13
73180.0,0.07318000000000001,0.0,8,0,8,0,0.0,0.488,0.4,256,14
96560.0,0.09656,0.0,16,0,16,0,0.0,0.968,0.4,128,14
73180.0,0.07318000000000001,0.0,8,0,8,0,0.0,0.458,0.4,256,15
96560.0,0.09656,0.0,16,0,16,0,0.0,0.976,0.4,128,15
73180.0,0.07318000000000001,0.0,8,0,8,0,0.0,0.498,0.4,256,16
73180.0,0.07318000000000001,0.0,8,0,8,0,0.0,0.506,0.4,256,17
73180.0,0.07318000000000001,0.0,8,0,8,0,0.0,0.484,0.4,256,18
96560.0,0.09656,0.0,16,0,16,0,0.0,0.972,0.4,128,16
96560.0,0.09656,0.0,16,0,16,0,0.0,0.964,0.4,128,17
73180.0,0.07318000000000001,0.0,8,0,8,0,0.0,0.494,0.4,256,19
96560.0,0.09656,0.0,16,0,16,0,0.0,0.976,0.4,128,18
73180.0,0.07318000000000001,0.0,8,0,8,0,0.0,0.516,0.4,256,21
96560.0,0.09656,0.0,16,0,16,0,0.0,0.976,0.4,128,20
73180.0,0.07318000000000001,0.0,8,0,8,0,0.0,0.482,0.4,256,22
73180.0,0.07318000000000001,0.0,8,0,8,0,0.0,0.5,0.4,256,23
96560.0,0.09656,0.0,16,0,16,0,0.0,0.968,0.4,128,21
96560.0,0.09656,0.0,16,0,16,0,0.0,0.962,0.4,128,22
96560.0,0.09656,0.0,16,0,16,0,0.0,0.968,0.4,128,19
73180.0,0.07318000000000001,0.0,8,0,8,0,0.0,0.498,0.4,256,24
73180.0,0.07318000000000001,0.0,8,0,8,0,0.0,0.516,0.4,256,20
73180.0,0.07318000000000001,0.0,8,0,8,0,0.0,0.514,0.4,256,25
73180.0,0.07318000000000001,0.0,8,0,8,0,0.0,0.516,0.4,256,26
96560.0,0.09656,0.0,16,0,16,0,0.0,0.96,0.4,128,25
96560.0,0.09656,0.0,16,0,16,0,0.0,0.976,0.4,128,26
96560.0,0.09656,0.0,16,0,16,0,0.0,0.968,0.4,128,23
73180.0,0.07318000000000001,0.0,8,0,8,0,0.0,0.49,0.4,256,27
73180.0,0.07318000000000001,0.0,8,0,8,0,0.0,0.504,0.4,256,28
96560.0,0.09656,0.0,16,0,16,0,0.0,0.968,0.4,128,28
96560.0,0.09656,0.0,16,0,16,0,0.0,0.964,0.4,128,24
73180.0,0.07318000000000001,0.0,8,0,8,0,0.0,0.502,0.4,256,29
73180.0,0.07318000000000001,0.0,8,0,8,0,0.0,0.484,0.4,256,30
96560.0,0.09656,0.0,16,0,16,0,0.0,0.972,0.4,128,29
96560.0,0.09656,0.0,16,0,16,0,0.0,0.962,0.4,128,30
96560.0,0.09656,0.0,16,0,16,0,0.0,0.964,0.4,128,27
73180.0,0.07318000000000001,0.0,8,0,8,0,0.0,0.484,0.4,256,31
73180.0,0.07318000000000001,0.0,8,0,8,0,0.0,0.478,0.4,256,32
96560.0,0.09656,0.0,16,0,16,0,0.0,0.962,0.4,128,31
73180.0,0.07318000000000001,0.0,8,0,8,0,0.0,0.512,0.4,256,33
96560.0,0.09656,0.0,16,0,16,0,0.0,0.974,0.4,128,32
96560.0,0.09656,0.0,16,0,16,0,0.0,0.976,0.4,128,33
73180.0,0.07318000000000001,0.0,8,0,8,0,0.0,0.484,0.4,256,35
73180.0,0.07318000000000001,0.0,8,0,8,0,0.0,0.504,0.4,256,36
96560.0,0.09656,0.0,16,0,16,0,0.0,0.966,0.4,128,34
96560.0,0.09656,0.0,16,0,16,0,0.0,0.968,0.4,128,36
73180.0,0.07318000000000001,0.0,8,0,8,0,0.0,0.478,0.4,256,37
96560.0,0.09656,0.0,16,0,16,0,0.0,0.966,0.4,128,37
73180.0,0.07318000000000001,0.0,8,0,8,0,0.0,0.518,0.4,256,38
96560.0,0.09656,0.0,16,0,16,0,0.0,0.976,0.4,128,38
73180.0,0.07318000000000001,0.0,8,0,8,0,0.0,0.482,0.4,256,34
73180.0,0.07318000000000001,0.0,8,0,8,0,0.0,0.486,0.4,256,39
73180.0,0.07318000000000001,0.0,8,0,8,0,0.0,0.43,0.44999999999999996,256,0
96560.0,0.09656,0.0,16,0,16,0,0.0,0.974,0.4,128,39
96560.0,0.09656,0.0,16,0,16,0,0.0,0.974,0.4,128,35
73180.0,0.07318000000000001,0.0,8,0,8,0,0.0,0.448,0.44999999999999996,256,1
73180.0,0.07318000000000001,0.0,8,0,8,0,0.0,0.44,0.44999999999999996,256,3
96560.0,0.09656,0.0,16,0,16,0,0.0,0.86,0.44999999999999996,128,2
73180.0,0.07318000000000001,0.0,8,0,8,0,0.0,0.426,0.44999999999999996,256,2
96560.0,0.09656,0.0,16,0,16,0,0.0,0.878,0.44999999999999996,128,1
73180.0,0.07318000000000001,0.0,8,0,8,0,0.0,0.444,0.44999999999999996,256,4
96560.0,0.09656,0.0,16,0,16,0,0.0,0.874,0.44999999999999996,128,3
96560.0,0.09656,0.0,16,0,16,0,0.0,0.858,0.44999999999999996,128,0
96560.0,0.09656,0.0,16,0,16,0,0.0,0.864,0.44999999999999996,128,4
73180.0,0.07318000000000001,0.0,8,0,8,0,0.0,0.448,0.44999999999999996,256,5
73180.0,0.07318000000000001,0.0,8,0,8,0,0.0,0.454,0.44999999999999996,256,6
73180.0,0.07318000000000001,0.0,8,0,8,0,0.0,0.428,0.44999999999999996,256,7
96560.0,0.09656,0.0,16,0,16,0,0.0,0.864,0.44999999999999996,128,5
73180.0,0.07318000000000001,0.0,8,0,8,0,0.0,0.444,0.44999999999999996,256,8
96560.0,0.09656,0.0,16,0,16,0,0.0,0.856,0.44999999999999996,128,6
96560.0,0.09656,0.0,16,0,16,0,0.0,0.866,0.44999999999999996,128,7
96560.0,0.09656,0.0,16,0,16,0,0.0,0.868,0.44999999999999996,128,8
73180.0,0.07318000000000001,0.0,8,0,8,0,0.0,0.438,0.44999999999999996,256,9
73180.0,0.07318000000000001,0.0,8,0,8,0,0.0,0.432,0.44999999999999996,256,10
96560.0,0.09656,0.0,16,0,16,0,0.0,0.862,0.44999999999999996,128,9
96560.0,0.09656,0.0,16,0,16,0,0.0,0.868,0.44999999999999996,128,11
73180.0,0.07318000000000001,0.0,8,0,8,0,0.0,0.438,0.44999999999999996,256,12
73180.0,0.07318000000000001,0.0,8,0,8,0,0.0,0.436,0.44999999999999996,256,11
96560.0,0.09656,0.0,16,0,16,0,0.0,0.868,0.44999999999999996,128,10
96560.0,0.09656,0.0,16,0,16,0,0.0,0.842,0.44999999999999996,128,12
73180.0,0.07318000000000001,0.0,8,0,8,0,0.0,0.446,0.44999999999999996,256,13
96560.0,0.09656,0.0,16,0,16,0,0.0,0.866,0.44999999999999996,128,13
73180.0,0.07318000000000001,0.0,8,0,8,0,0.0,0.43,0.44999999999999996,256,14
96560.0,0.09656,0.0,16,0,16,0,0.0,0.864,0.44999999999999996,128,14
73180.0,0.07318000000000001,0.0,8,0,8,0,0.0,0.402,0.44999999999999996,256,15
73180.0,0.07318000000000001,0.0,8,0,8,0,0.0,0.448,0.44999999999999996,256,16
96560.0,0.09656,0.0,16,0,16,0,0.0,0.882,0.44999999999999996,128,16
73180.0,0.07318000000000001,0.0,8,0,8,0,0.0,0.43,0.44999999999999996,256,18
96560.0,0.09656,0.0,16,0,16,0,0.0,0.864,0.44999999999999996,128,15
73180.0,0.07318000000000001,0.0,8,0,8,0,0.0,0.45,0.44999999999999996,256,17
96560.0,0.09656,0.0,16,0,16,0,0.0,0.852,0.44999999999999996,128,17
96560.0,0.09656,0.0,16,0,16,0,0.0,0.882,0.44999999999999996,128,18
73180.0,0.07318000000000001,0.0,8,0,8,0,0.0,0.436,0.44999999999999996,256,19
96560.0,0.09656,0.0,16,0,16,0,0.0,0.866,0.44999999999999996,128,19
73180.0,0.07318000000000001,0.0,8,0,8,0,0.0,0.464,0.44999999999999996,256,20
73180.0,0.07318000000000001,0.0,8,0,8,0,0.0,0.454,0.44999999999999996,256,21
73180.0,0.07318000000000001,0.0,8,0,8,0,0.0,0.43,0.44999999999999996,256,22
96560.0,0.09656,0.0,16,0,16,0,0.0,0.868,0.44999999999999996,128,20
96560.0,0.09656,0.0,16,0,16,0,0.0,0.866,0.44999999999999996,128,22
96560.0,0.09656,0.0,16,0,16,0,0.0,0.86,0.44999999999999996,128,21
73180.0,0.07318000000000001,0.0,8,0,8,0,0.0,0.452,0.44999999999999996,256,23
96560.0,0.09656,0.0,16,0,16,0,0.0,0.86,0.44999999999999996,128,23
73180.0,0.07318000000000001,0.0,8,0,8,0,0.0,0.448,0.44999999999999996,256,24
96560.0,0.09656,0.0,16,0,16,0,0.0,0.864,0.44999999999999996,128,24
73180.0,0.07318000000000001,0.0,8,0,8,0,0.0,0.452,0.44999999999999996,256,26
73180.0,0.07318000000000001,0.0,8,0,8,0,0.0,0.468,0.44999999999999996,256,25
96560.0,0.09656,0.0,16,0,16,0,0.0,0.866,0.44999999999999996,128,25
96560.0,0.09656,0.0,16,0,16,0,0.0,0.868,0.44999999999999996,128,26
73180.0,0.07318000000000001,0.0,8,0,8,0,0.0,0.436,0.44999999999999996,256,27
73180.0,0.07318000000000001,0.0,8,0,8,0,0.0,0.444,0.44999999999999996,256,28
96560.0,0.09656,0.0,16,0,16,0,0.0,0.862,0.44999999999999996,128,28
96560.0,0.09656,0.0,16,0,16,0,0.0,0.854,0.44999999999999996,128,27
73180.0,0.07318000000000001,0.0,8,0,8,0,0.0,0.462,0.44999999999999996,256,29
73180.0,0.07318000000000001,0.0,8,0,8,0,0.0,0.432,0.44999999999999996,256,30
96560.0,0.09656,0.0,16,0,16,0,0.0,0.872,0.44999999999999996,128,29
96560.0,0.09656,0.0,16,0,16,0,0.0,0.866,0.44999999999999996,128,30
73180.0,0.07318000000000001,0.0,8,0,8,0,0.0,0.43,0.44999999999999996,256,31
73180.0,0.07318000000000001,0.0,8,0,8,0,0.0,0.416,0.44999999999999996,256,32
96560.0,0.09656,0.0,16,0,16,0,0.0,0.862,0.44999999999999996,128,31
73180.0,0.07318000000000001,0.0,8,0,8,0,0.0,0.446,0.44999999999999996,256,33
96560.0,0.09656,0.0,16,0,16,0,0.0,0.852,0.44999999999999996,128,33
96560.0,0.09656,0.0,16,0,16,0,0.0,0.866,0.44999999999999996,128,32
73180.0,0.07318000000000001,0.0,8,0,8,0,0.0,0.428,0.44999999999999996,256,34
73180.0,0.07318000000000001,0.0,8,0,8,0,0.0,0.44,0.44999999999999996,256,35
96560.0,0.09656,0.0,16,0,16,0,0.0,0.862,0.44999999999999996,128,34
96560.0,0.09656,0.0,16,0,16,0,0.0,0.876,0.44999999999999996,128,35
73180.0,0.07318000000000001,0.0,8,0,8,0,0.0,0.444,0.44999999999999996,256,36
96560.0,0.09656,0.0,16,0,16,0,0.0,0.852,0.44999999999999996,128,36
73180.0,0.07318000000000001,0.0,8,0,8,0,0.0,0.43,0.44999999999999996,256,37
73180.0,0.07318000000000001,0.0,8,0,8,0,0.0,0.456,0.44999999999999996,256,38
96560.0,0.09656,0.0,16,0,16,0,0.0,0.866,0.44999999999999996,128,37
96560.0,0.09656,0.0,16,0,16,0,0.0,0.86,0.44999999999999996,128,38
96560.0,0.09656,0.0,16,0,16,0,0.0,0.85,0.44999999999999996,128,39
73180.0,0.07318000000000001,0.0,8,0,8,0,0.0,0.43,0.44999999999999996,256,39
96560.0,0.09656,0.0,16,0,16,0,0.0,0.79,0.5,128,0
73180.0,0.07318000000000001,0.0,8,0,8,0,0.0,0.386,0.5,256,0
73180.0,0.07318000000000001,0.0,8,0,8,0,0.0,0.416,0.5,256,1
96560.0,0.09656,0.0,16,0,16,0,0.0,0.814,0.5,128,1
96560.0,0.09656,0.0,16,0,16,0,0.0,0.78,0.5,128,2
73180.0,0.07318000000000001,0.0,8,0,8,0,0.0,0.392,0.5,256,2
73180.0,0.07318000000000001,0.0,8,0,8,0,0.0,0.388,0.5,256,3
73180.0,0.07318000000000001,0.0,8,0,8,0,0.0,0.398,0.5,256,4
96560.0,0.09656,0.0,16,0,16,0,0.0,0.782,0.5,128,3
73180.0,0.07318000000000001,0.0,8,0,8,0,0.0,0.408,0.5,256,5
96560.0,0.09656,0.0,16,0,16,0,0.0,0.774,0.5,128,4
73180.0,0.07318000000000001,0.0,8,0,8,0,0.0,0.41,0.5,256,6
96560.0,0.09656,0.0,16,0,16,0,0.0,0.792,0.5,128,5
96560.0,0.09656,0.0,16,0,16,0,0.0,0.778,0.5,128,6
73180.0,0.07318000000000001,0.0,8,0,8,0,0.0,0.388,0.5,256,7
73180.0,0.07318000000000001,0.0,8,0,8,0,0.0,0.4,0.5,256,8
73180.0,0.07318000000000001,0.0,8,0,8,0,0.0,0.384,0.5,256,10
73180.0,0.07318000000000001,0.0,8,0,8,0,0.0,0.392,0.5,256,9
96560.0,0.09656,0.0,16,0,16,0,0.0,0.786,0.5,128,7
96560.0,0.09656,0.0,16,0,16,0,0.0,0.79,0.5,128,8
96560.0,0.09656,0.0,16,0,16,0,0.0,0.794,0.5,128,9
96560.0,0.09656,0.0,16,0,16,0,0.0,0.79,0.5,128,10
73180.0,0.07318000000000001,0.0,8,0,8,0,0.0,0.4,0.5,256,11
96560.0,0.09656,0.0,16,0,16,0,0.0,0.796,0.5,128,11
73180.0,0.07318000000000001,0.0,8,0,8,0,0.0,0.402,0.5,256,12
73180.0,0.07318000000000001,0.0,8,0,8,0,0.0,0.402,0.5,256,13
96560.0,0.09656,0.0,16,0,16,0,0.0,0.768,0.5,128,12
96560.0,0.09656,0.0,16,0,16,0,0.0,0.792,0.5,128,13
73180.0,0.07318000000000001,0.0,8,0,8,0,0.0,0.392,0.5,256,14
96560.0,0.09656,0.0,16,0,16,0,0.0,0.786,0.5,128,14
73180.0,0.07318000000000001,0.0,8,0,8,0,0.0,0.374,0.5,256,15
73180.0,0.07318000000000001,0.0,8,0,8,0,0.0,0.42,0.5,256,16
96560.0,0.09656,0.0,16,0,16,0,0.0,0.804,0.5,128,15
73180.0,0.07318000000000001,0.0,8,0,8,0,0.0,0.4,0.5,256,17
96560.0,0.09656,0.0,16,0,16,0,0.0,0.818,0.5,128,16
73180.0,0.07318000000000001,0.0,8,0,8,0,0.0,0.386,0.5,256,18
96560.0,0.09656,0.0,16,0,16,0,0.0,0.772,0.5,128,17
96560.0,0.09656,0.0,16,0,16,0,0.0,0.792,0.5,128,19
73180.0,0.07318000000000001,0.0,8,0,8,0,0.0,0.424,0.5,256,20
73180.0,0.07318000000000001,0.0,8,0,8,0,0.0,0.404,0.5,256,19
96560.0,0.09656,0.0,16,0,16,0,0.0,0.8,0.5,128,18
73180.0,0.07318000000000001,0.0,8,0,8,0,0.0,0.416,0.5,256,21
96560.0,0.09656,0.0,16,0,16,0,0.0,0.8,0.5,128,20
73180.0,0.07318000000000001,0.0,8,0,8,0,0.0,0.39,0.5,256,22
96560.0,0.09656,0.0,16,0,16,0,0.0,0.784,0.5,128,21
96560.0,0.09656,0.0,16,0,16,0,0.0,0.794,0.5,128,22
73180.0,0.07318000000000001,0.0,8,0,8,0,0.0,0.418,0.5,256,23
96560.0,0.09656,0.0,16,0,16,0,0.0,0.792,0.5,128,23
73180.0,0.07318000000000001,0.0,8,0,8,0,0.0,0.422,0.5,256,24
73180.0,0.07318000000000001,0.0,8,0,8,0,0.0,0.428,0.5,256,25
96560.0,0.09656,0.0,16,0,16,0,0.0,0.798,0.5,128,24
96560.0,0.09656,0.0,16,0,16,0,0.0,0.794,0.5,128,25
73180.0,0.07318000000000001,0.0,8,0,8,0,0.0,0.42,0.5,256,26
73180.0,0.07318000000000001,0.0,8,0,8,0,0.0,0.398,0.5,256,27
96560.0,0.09656,0.0,16,0,16,0,0.0,0.802,0.5,128,26
73180.0,0.07318000000000001,0.0,8,0,8,0,0.0,0.406,0.5,256,28
96560.0,0.09656,0.0,16,0,16,0,0.0,0.77,0.5,128,27
73180.0,0.07318000000000001,0.0,8,0,8,0,0.0,0.418,0.5,256,29
96560.0,0.09656,0.0,16,0,16,0,0.0,0.792,0.5,128,28
96560.0,0.09656,0.0,16,0,16,0,0.0,0.796,0.5,128,29
73180.0,0.07318000000000001,0.0,8,0,8,0,0.0,0.392,0.5,256,30
73180.0,0.07318000000000001,0.0,8,0,8,0,0.0,0.39,0.5,256,31
96560.0,0.09656,0.0,16,0,16,0,0.0,0.784,0.5,128,30
96560.0,0.09656,0.0,16,0,16,0,0.0,0.788,0.5,128,31
73180.0,0.07318000000000001,0.0,8,0,8,0,0.0,0.38,0.5,256,32
96560.0,0.09656,0.0,16,0,16,0,0.0,0.788,0.5,128,32
73180.0,0.07318000000000001,0.0,8,0,8,0,0.0,0.408,0.5,256,33
73180.0,0.07318000000000001,0.0,8,0,8,0,0.0,0.386,0.5,256,34
96560.0,0.09656,0.0,16,0,16,0,0.0,0.778,0.5,128,33
73180.0,0.07318000000000001,0.0,8,0,8,0,0.0,0.396,0.5,256,35
96560.0,0.09656,0.0,16,0,16,0,0.0,0.786,0.5,128,34
96560.0,0.09656,0.0,16,0,16,0,0.0,0.798,0.5,128,35
73180.0,0.07318000000000001,0.0,8,0,8,0,0.0,0.396,0.5,256,36
73180.0,0.07318000000000001,0.0,8,0,8,0,0.0,0.388,0.5,256,37
96560.0,0.09656,0.0,16,0,16,0,0.0,0.78,0.5,128,36
96560.0,0.09656,0.0,16,0,16,0,0.0,0.786,0.5,128,37
73180.0,0.07318000000000001,0.0,8,0,8,0,0.0,0.422,0.5,256,38
96560.0,0.09656,0.0,16,0,16,0,0.0,0.776,0.5,128,38
73180.0,0.07318000000000001,0.0,8,0,8,0,0.0,0.396,0.5,256,39
96560.0,0.09656,0.0,16,0,16,0,0.0,0.778,0.5,128,39
73180.0,0.07318000000000001,0.0,8,0,8,0,0.0,0.348,0.5499999999999999,256,0
96560.0,0.09656,0.0,16,0,16,0,0.0,0.722,0.5499999999999999,128,0
73180.0,0.07318000000000001,0.0,8,0,8,0,0.0,0.368,0.5499999999999999,256,1
73180.0,0.07318000000000001,0.0,8,0,8,0,0.0,0.35,0.5499999999999999,256,2
96560.0,0.09656,0.0,16,0,16,0,0.0,0.744,0.5499999999999999,128,1
73180.0,0.07318000000000001,0.0,8,0,8,0,0.0,0.354,0.5499999999999999,256,3
96560.0,0.09656,0.0,16,0,16,0,0.0,0.692,0.5499999999999999,128,2
73180.0,0.07318000000000001,0.0,8,0,8,0,0.0,0.354,0.5499999999999999,256,4
73180.0,0.07318000000000001,0.0,8,0,8,0,0.0,0.354,0.5499999999999999,256,5
96560.0,0.09656,0.0,16,0,16,0,0.0,0.696,0.5499999999999999,128,4
96560.0,0.09656,0.0,16,0,16,0,0.0,0.708,0.5499999999999999,128,3
73180.0,0.07318000000000001,0.0,8,0,8,0,0.0,0.378,0.5499999999999999,256,6
96560.0,0.09656,0.0,16,0,16,0,0.0,0.708,0.5499999999999999,128,5
73180.0,0.07318000000000001,0.0,8,0,8,0,0.0,0.348,0.5499999999999999,256,7
96560.0,0.09656,0.0,16,0,16,0,0.0,0.714,0.5499999999999999,128,7
96560.0,0.09656,0.0,16,0,16,0,0.0,0.712,0.5499999999999999,128,6
73180.0,0.07318000000000001,0.0,8,0,8,0,0.0,0.364,0.5499999999999999,256,8
96560.0,0.09656,0.0,16,0,16,0,0.0,0.718,0.5499999999999999,128,8
73180.0,0.07318000000000001,0.0,8,0,8,0,0.0,0.35,0.5499999999999999,256,9
73180.0,0.07318000000000001,0.0,8,0,8,0,0.0,0.344,0.5499999999999999,256,10
96560.0,0.09656,0.0,16,0,16,0,0.0,0.724,0.5499999999999999,128,9
96560.0,0.09656,0.0,16,0,16,0,0.0,0.714,0.5499999999999999,128,10
73180.0,0.07318000000000001,0.0,8,0,8,0,0.0,0.366,0.5499999999999999,256,11
96560.0,0.09656,0.0,16,0,16,0,0.0,0.726,0.5499999999999999,128,11
73180.0,0.07318000000000001,0.0,8,0,8,0,0.0,0.362,0.5499999999999999,256,12
96560.0,0.09656,0.0,16,0,16,0,0.0,0.696,0.5499999999999999,128,12
96560.0,0.09656,0.0,16,0,16,0,0.0,0.722,0.5499999999999999,128,13
73180.0,0.07318000000000001,0.0,8,0,8,0,0.0,0.37,0.5499999999999999,256,13
73180.0,0.07318000000000001,0.0,8,0,8,0,0.0,0.346,0.5499999999999999,256,14
73180.0,0.07318000000000001,0.0,8,0,8,0,0.0,0.322,0.5499999999999999,256,15
96560.0,0.09656,0.0,16,0,16,0,0.0,0.71,0.5499999999999999,128,14
73180.0,0.07318000000000001,0.0,8,0,8,0,0.0,0.364,0.5499999999999999,256,17
73180.0,0.07318000000000001,0.0,8,0,8,0,0.0,0.376,0.5499999999999999,256,16
96560.0,0.09656,0.0,16,0,16,0,0.0,0.742,0.5499999999999999,128,16
96560.0,0.09656,0.0,16,0,16,0,0.0,0.712,0.5499999999999999,128,15
73180.0,0.07318000000000001,0.0,8,0,8,0,0.0,0.35,0.5499999999999999,256,18
96560.0,0.09656,0.0,16,0,16,0,0.0,0.708,0.5499999999999999,128,17
73180.0,0.07318000000000001,0.0,8,0,8,0,0.0,0.368,0.5499999999999999,256,19
96560.0,0.09656,0.0,16,0,16,0,0.0,0.73,0.5499999999999999,128,18
96560.0,0.09656,0.0,16,0,16,0,0.0,0.726,0.5499999999999999,128,19
73180.0,0.07318000000000001,0.0,8,0,8,0,0.0,0.388,0.5499999999999999,256,20
73180.0,0.07318000000000001,0.0,8,0,8,0,0.0,0.382,0.5499999999999999,256,21
73180.0,0.07318000000000001,0.0,8,0,8,0,0.0,0.356,0.5499999999999999,256,22
96560.0,0.09656,0.0,16,0,16,0,0.0,0.728,0.5499999999999999,128,20
96560.0,0.09656,0.0,16,0,16,0,0.0,0.732,0.5499999999999999,128,21
96560.0,0.09656,0.0,16,0,16,0,0.0,0.718,0.5499999999999999,128,22
73180.0,0.07318000000000001,0.0,8,0,8,0,0.0,0.37,0.5499999999999999,256,23
73180.0,0.07318000000000001,0.0,8,0,8,0,0.0,0.384,0.5499999999999999,256,24
96560.0,0.09656,0.0,16,0,16,0,0.0,0.712,0.5499999999999999,128,23
73180.0,0.07318000000000001,0.0,8,0,8,0,0.0,0.378,0.5499999999999999,256,26
96560.0,0.09656,0.0,16,0,16,0,0.0,0.724,0.5499999999999999,128,24
73180.0,0.07318000000000001,0.0,8,0,8,0,0.0,0.388,0.5499999999999999,256,25
96560.0,0.09656,0.0,16,0,16,0,0.0,0.72,0.5499999999999999,128,25
73180.0,0.07318000000000001,0.0,8,0,8,0,0.0,0.352,0.5499999999999999,256,27
96560.0,0.09656,0.0,16,0,16,0,0.0,0.71,0.5499999999999999,128,26
73180.0,0.07318000000000001,0.0,8,0,8,0,0.0,0.37,0.5499999999999999,256,28
96560.0,0.09656,0.0,16,0,16,0,0.0,0.692,0.5499999999999999,128,27
96560.0,0.09656,0.0,16,0,16,0,0.0,0.72,0.5499999999999999,128,29
96560.0,0.09656,0.0,16,0,16,0,0.0,0.724,0.5499999999999999,128,28
73180.0,0.07318000000000001,0.0,8,0,8,0,0.0,0.374,0.5499999999999999,256,29
73180.0,0.07318000000000001,0.0,8,0,8,0,0.0,0.352,0.5499999999999999,256,30
96560.0,0.09656,0.0,16,0,16,0,0.0,0.71,0.5499999999999999,128,30
73180.0,0.07318000000000001,0.0,8,0,8,0,0.0,0.344,0.5499999999999999,256,31
96560.0,0.09656,0.0,16,0,16,0,0.0,0.712,0.5499999999999999,128,31
73180.0,0.07318000000000001,0.0,8,0,8,0,0.0,0.358,0.5499999999999999,256,32
73180.0,0.07318000000000001,0.0,8,0,8,0,0.0,0.342,0.5499999999999999,256,34
96560.0,0.09656,0.0,16,0,16,0,0.0,0.734,0.5499999999999999,128,32
73180.0,0.07318000000000001,0.0,8,0,8,0,0.0,0.376,0.5499999999999999,256,33
96560.0,0.09656,0.0,16,0,16,0,0.0,0.704,0.5499999999999999,128,33
96560.0,0.09656,0.0,16,0,16,0,0.0,0.724,0.5499999999999999,128,35
96560.0,0.09656,0.0,16,0,16,0,0.0,0.7,0.5499999999999999,128,34
73180.0,0.07318000000000001,0.0,8,0,8,0,0.0,0.358,0.5499999999999999,256,35
73180.0,0.07318000000000001,0.0,8,0,8,0,0.0,0.362,0.5499999999999999,256,36
96560.0,0.09656,0.0,16,0,16,0,0.0,0.696,0.5499999999999999,128,36
73180.0,0.07318000000000001,0.0,8,0,8,0,0.0,0.348,0.5499999999999999,256,37
73180.0,0.07318000000000001,0.0,8,0,8,0,0.0,0.382,0.5499999999999999,256,38
96560.0,0.09656,0.0,16,0,16,0,0.0,0.706,0.5499999999999999,128,37
96560.0,0.09656,0.0,16,0,16,0,0.0,0.702,0.5499999999999999,128,39
96560.0,0.09656,0.0,16,0,16,0,0.0,0.658,0.6,128,0
73180.0,0.07318000000000001,0.0,8,0,8,0,0.0,0.346,0.5499999999999999,256,39
96560.0,0.09656,0.0,16,0,16,0,0.0,0.714,0.5499999999999999,128,38
73180.0,0.07318000000000001,0.0,8,0,8,0,0.0,0.308,0.6,256,0
73180.0,0.07318000000000001,0.0,8,0,8,0,0.0,0.33,0.6,256,1
73180.0,0.07318000000000001,0.0,8,0,8,0,0.0,0.326,0.6,256,2
96560.0,0.09656,0.0,16,0,16,0,0.0,0.67,0.6,128,1
96560.0,0.09656,0.0,16,0,16,0,0.0,0.632,0.6,128,2
73180.0,0.07318000000000001,0.0,8,0,8,0,0.0,0.32,0.6,256,3
73180.0,0.07318000000000001,0.0,8,0,8,0,0.0,0.314,0.6,256,4
96560.0,0.09656,0.0,16,0,16,0,0.0,0.65,0.6,128,3
73180.0,0.07318000000000001,0.0,8,0,8,0,0.0,0.32,0.6,256,5
96560.0,0.09656,0.0,16,0,16,0,0.0,0.648,0.6,128,5
73180.0,0.07318000000000001,0.0,8,0,8,0,0.0,0.346,0.6,256,6
96560.0,0.09656,0.0,16,0,16,0,0.0,0.63,0.6,128,4
96560.0,0.09656,0.0,16,0,16,0,0.0,0.654,0.6,128,6
73180.0,0.07318000000000001,0.0,8,0,8,0,0.0,0.316,0.6,256,7
73180.0,0.07318000000000001,0.0,8,0,8,0,0.0,0.344,0.6,256,8
96560.0,0.09656,0.0,16,0,16,0,0.0,0.652,0.6,128,7
96560.0,0.09656,0.0,16,0,16,0,0.0,0.67,0.6,128,8
73180.0,0.07318000000000001,0.0,8,0,8,0,0.0,0.312,0.6,256,9
96560.0,0.09656,0.0,16,0,16,0,0.0,0.656,0.6,128,9
73180.0,0.07318000000000001,0.0,8,0,8,0,0.0,0.338,0.6,256,11
73180.0,0.07318000000000001,0.0,8,0,8,0,0.0,0.32,0.6,256,10
96560.0,0.09656,0.0,16,0,16,0,0.0,0.66,0.6,128,10
73180.0,0.07318000000000001,0.0,8,0,8,0,0.0,0.33,0.6,256,12
96560.0,0.09656,0.0,16,0,16,0,0.0,0.68,0.6,128,11
73180.0,0.07318000000000001,0.0,8,0,8,0,0.0,0.338,0.6,256,13
96560.0,0.09656,0.0,16,0,16,0,0.0,0.64,0.6,128,12
73180.0,0.07318000000000001,0.0,8,0,8,0,0.0,0.31,0.6,256,14
96560.0,0.09656,0.0,16,0,16,0,0.0,0.642,0.6,128,14
73180.0,0.07318000000000001,0.0,8,0,8,0,0.0,0.29,0.6,256,15
96560.0,0.09656,0.0,16,0,16,0,0.0,0.662,0.6,128,13
73180.0,0.07318000000000001,0.0,8,0,8,0,0.0,0.334,0.6,256,16
96560.0,0.09656,0.0,16,0,16,0,0.0,0.638,0.6,128,15
96560.0,0.09656,0.0,16,0,16,0,0.0,0.668,0.6,128,16
96560.0,0.09656,0.0,16,0,16,0,0.0,0.664,0.6,128,18
73180.0,0.07318000000000001,0.0,8,0,8,0,0.0,0.342,0.6,256,17
73180.0,0.07318000000000001,0.0,8,0,8,0,0.0,0.32,0.6,256,18
96560.0,0.09656,0.0,16,0,16,0,0.0,0.654,0.6,128,17
73180.0,0.07318000000000001,0.0,8,0,8,0,0.0,0.332,0.6,256,19
73180.0,0.07318000000000001,0.0,8,0,8,0,0.0,0.36,0.6,256,20
96560.0,0.09656,0.0,16,0,16,0,0.0,0.678,0.6,128,20
96560.0,0.09656,0.0,16,0,16,0,0.0,0.664,0.6,128,19
73180.0,0.07318000000000001,0.0,8,0,8,0,0.0,0.352,0.6,256,21
73180.0,0.07318000000000001,0.0,8,0,8,0,0.0,0.324,0.6,256,22
73180.0,0.07318000000000001,0.0,8,0,8,0,0.0,0.334,0.6,256,23
96560.0,0.09656,0.0,16,0,16,0,0.0,0.672,0.6,128,21
96560.0,0.09656,0.0,16,0,16,0,0.0,0.652,0.6,128,23
96560.0,0.09656,0.0,16,0,16,0,0.0,0.662,0.6,128,22
73180.0,0.07318000000000001,0.0,8,0,8,0,0.0,0.36,0.6,256,24
96560.0,0.09656,0.0,16,0,16,0,0.0,0.67,0.6,128,24
73180.0,0.07318000000000001,0.0,8,0,8,0,0.0,0.338,0.6,256,25
73180.0,0.07318000000000001,0.0,8,0,8,0,0.0,0.316,0.6,256,27
96560.0,0.09656,0.0,16,0,16,0,0.0,0.644,0.6,128,25
73180.0,0.07318000000000001,0.0,8,0,8,0,0.0,0.346,0.6,256,26
96560.0,0.09656,0.0,16,0,16,0,0.0,0.632,0.6,128,27
96560.0,0.09656,0.0,16,0,16,0,0.0,0.646,0.6,128,26
73180.0,0.07318000000000001,0.0,8,0,8,0,0.0,0.34,0.6,256,28
96560.0,0.09656,0.0,16,0,16,0,0.0,0.668,0.6,128,28
73180.0,0.07318000000000001,0.0,8,0,8,0,0.0,0.348,0.6,256,29
96560.0,0.09656,0.0,16,0,16,0,0.0,0.664,0.6,128,29
73180.0,0.07318000000000001,0.0,8,0,8,0,0.0,0.332,0.6,256,30
73180.0,0.07318000000000001,0.0,8,0,8,0,0.0,0.308,0.6,256,31
73180.0,0.07318000000000001,0.0,8,0,8,0,0.0,0.33,0.6,256,32
96560.0,0.09656,0.0,16,0,16,0,0.0,0.662,0.6,128,30
96560.0,0.09656,0.0,16,0,16,0,0.0,0.648,0.6,128,31
73180.0,0.07318000000000001,0.0,8,0,8,0,0.0,0.346,0.6,256,33
96560.0,0.09656,0.0,16,0,16,0,0.0,0.652,0.6,128,33
96560.0,0.09656,0.0,16,0,16,0,0.0,0.674,0.6,128,32
96560.0,0.09656,0.0,16,0,16,0,0.0,0.64,0.6,128,34
73180.0,0.07318000000000001,0.0,8,0,8,0,0.0,0.306,0.6,256,34
73180.0,0.07318000000000001,0.0,8,0,8,0,0.0,0.33,0.6,256,35
73180.0,0.07318000000000001,0.0,8,0,8,0,0.0,0.32,0.6,256,36
73180.0,0.07318000000000001,0.0,8,0,8,0,0.0,0.314,0.6,256,37
96560.0,0.09656,0.0,16,0,16,0,0.0,0.678,0.6,128,35
96560.0,0.09656,0.0,16,0,16,0,0.0,0.64,0.6,128,37
96560.0,0.09656,0.0,16,0,16,0,0.0,0.63,0.6,128,36
73180.0,0.07318000000000001,0.0,8,0,8,0,0.0,0.348,0.6,256,38
73180.0,0.07318000000000001,0.0,8,0,8,0,0.0,0.306,0.6,256,39
96560.0,0.09656,0.0,16,0,16,0,0.0,0.632,0.6,128,39
96560.0,0.09656,0.0,16,0,16,0,0.0,0.654,0.6,128,38
